DeliveryID,OrderID,DeliveryPersonID,DeliveryStatus,EstimatedDeliveryTime,ActualDeliveryTime,CreatedAt
1,1,7,delivered,2024-12-04 07:01:14,2024-12-04 09:01:14,2024-12-04 01:01:14
2,2,25,delivered,2025-01-20 00:14:45,2025-01-20 03:14:45,2025-01-19 18:14:45
3,3,9,delivered,2024-11-12 19:02:14,2024-11-12 19:02:14,2024-11-12 14:02:14
4,4,8,out for delivery,2024-09-18 03:51:03,2024-09-18 04:51:03,2024-09-17 23:51:03
5,5,5,delivered,2024-05-04 10:13:45,2024-05-04 10:13:45,2024-05-04 05:13:45
6,6,14,assigned,2024-12-18 03:04:59,2024-12-18 06:04:59,2024-12-17 22:04:59
7,7,50,out for delivery,2025-02-11 09:51:20,2025-02-11 12:51:20,2025-02-11 03:51:20
8,8,27,assigned,2024-07-10 19:30:20,2024-07-10 19:30:20,2024-07-10 15:30:20
9,9,26,out for delivery,2024-09-26 01:17:44,2024-09-26 04:17:44,2024-09-25 23:17:44
10,10,23,delivered,2024-10-29 17:15:13,2024-10-29 20:15:13,2024-10-29 15:15:13
11,11,49,assigned,2025-02-18 11:40:03,2025-02-18 11:40:03,2025-02-18 07:40:03
12,12,9,delivered,2024-06-29 02:25:58,2024-06-29 04:25:58,2024-06-29 00:25:58
13,13,17,assigned,2024-10-20 23:21:12,2024-10-21 00:21:12,2024-10-20 18:21:12
14,14,4,out for delivery,2024-07-31 01:26:19,2024-07-31 04:26:19,2024-07-30 22:26:19
15,15,34,delivered,2024-09-22 14:38:56,2024-09-22 14:38:56,2024-09-22 11:38:56
16,16,11,out for delivery,2024-05-30 11:02:22,2024-05-30 13:02:22,2024-05-30 05:02:22
17,17,5,assigned,2024-09-29 09:49:24,2024-09-29 10:49:24,2024-09-29 03:49:24
18,18,47,delivered,2025-01-15 01:57:30,2025-01-15 03:57:30,2025-01-14 22:57:30
19,19,28,assigned,2024-10-10 07:22:47,2024-10-10 08:22:47,2024-10-10 04:22:47
20,20,3,out for delivery,2025-03-23 20:30:46,2025-03-23 20:30:46,2025-03-23 15:30:46
21,21,36,assigned,2024-05-28 09:34:20,2024-05-28 11:34:20,2024-05-28 04:34:20
22,22,50,delivered,2024-12-15 21:19:45,2024-12-15 21:19:45,2024-12-15 15:19:45
23,23,10,out for delivery,2025-04-05 20:18:26,2025-04-05 23:18:26,2025-04-05 14:18:26
24,24,31,out for delivery,2024-11-15 06:44:44,2024-11-15 09:44:44,2024-11-15 01:44:44
25,25,38,delivered,2024-12-11 09:28:53,2024-12-11 10:28:53,2024-12-11 07:28:53
26,26,14,assigned,2024-05-21 08:07:58,2024-05-21 09:07:58,2024-05-21 06:07:58
27,27,24,assigned,2024-06-20 17:05:03,2024-06-20 19:05:03,2024-06-20 11:05:03
28,28,33,out for delivery,2024-08-16 15:13:17,2024-08-16 16:13:17,2024-08-16 12:13:17
29,29,43,out for delivery,2024-10-02 08:23:15,2024-10-02 09:23:15,2024-10-02 06:23:15
30,30,36,delivered,2024-06-27 22:07:49,2024-06-27 22:07:49,2024-06-27 20:07:49
31,31,20,assigned,2024-04-11 13:57:30,2024-04-11 16:57:30,2024-04-11 11:57:30
32,32,48,delivered,2024-06-07 17:57:57,2024-06-07 20:57:57,2024-06-07 12:57:57
33,33,19,assigned,2024-10-29 12:57:01,2024-10-29 13:57:01,2024-10-29 09:57:01
34,34,44,out for delivery,2025-01-10 13:21:33,2025-01-10 16:21:33,2025-01-10 09:21:33
35,35,50,out for delivery,2024-05-11 18:54:44,2024-05-11 18:54:44,2024-05-11 14:54:44
36,36,35,out for delivery,2025-01-28 09:59:07,2025-01-28 11:59:07,2025-01-28 07:59:07
37,37,24,out for delivery,2024-04-21 11:48:45,2024-04-21 13:48:45,2024-04-21 06:48:45
38,38,31,out for delivery,2024-11-08 17:29:59,2024-11-08 18:29:59,2024-11-08 11:29:59
39,39,35,delivered,2024-09-25 22:18:12,2024-09-25 23:18:12,2024-09-25 18:18:12
40,40,11,assigned,2025-01-24 22:29:52,2025-01-25 00:29:52,2025-01-24 17:29:52
41,41,2,delivered,2024-05-11 22:41:00,2024-05-12 01:41:00,2024-05-11 18:41:00
42,42,37,delivered,2024-10-19 12:23:37,2024-10-19 12:23:37,2024-10-19 10:23:37
43,43,45,out for delivery,2025-01-10 22:08:24,2025-01-10 22:08:24,2025-01-10 20:08:24
44,44,8,delivered,2024-05-14 09:41:00,2024-05-14 12:41:00,2024-05-14 06:41:00
45,45,23,assigned,2024-04-23 23:52:17,2024-04-24 02:52:17,2024-04-23 19:52:17
46,46,38,delivered,2024-10-31 16:17:02,2024-10-31 19:17:02,2024-10-31 12:17:02
47,47,16,out for delivery,2024-11-09 10:55:43,2024-11-09 11:55:43,2024-11-09 08:55:43
48,48,40,out for delivery,2024-09-03 02:32:16,2024-09-03 03:32:16,2024-09-02 23:32:16
49,49,27,out for delivery,2024-04-04 12:19:06,2024-04-04 13:19:06,2024-04-04 06:19:06
50,50,28,assigned,2024-04-18 02:53:11,2024-04-18 05:53:11,2024-04-17 20:53:11
51,51,2,out for delivery,2024-11-16 16:23:07,2024-11-16 19:23:07,2024-11-16 13:23:07
52,52,39,out for delivery,2024-07-06 08:16:55,2024-07-06 09:16:55,2024-07-06 05:16:55
53,53,5,delivered,2024-04-19 16:05:28,2024-04-19 19:05:28,2024-04-19 13:05:28
54,54,1,assigned,2024-07-16 08:31:31,2024-07-16 08:31:31,2024-07-16 05:31:31
55,55,20,delivered,2024-10-01 02:33:28,2024-10-01 05:33:28,2024-09-30 20:33:28
56,56,17,delivered,2024-09-11 05:56:39,2024-09-11 07:56:39,2024-09-10 23:56:39
57,57,47,assigned,2024-10-25 05:27:09,2024-10-25 07:27:09,2024-10-25 00:27:09
58,58,46,assigned,2024-06-25 05:06:24,2024-06-25 06:06:24,2024-06-25 01:06:24
59,59,45,delivered,2024-05-07 02:15:53,2024-05-07 04:15:53,2024-05-06 21:15:53
60,60,3,assigned,2024-09-23 00:28:17,2024-09-23 00:28:17,2024-09-22 18:28:17
61,61,15,assigned,2025-04-04 12:23:52,2025-04-04 13:23:52,2025-04-04 10:23:52
62,62,19,out for delivery,2024-10-28 06:15:46,2024-10-28 08:15:46,2024-10-28 03:15:46
63,63,34,delivered,2024-12-03 19:02:29,2024-12-03 21:02:29,2024-12-03 17:02:29
64,64,36,delivered,2025-01-20 23:12:58,2025-01-21 01:12:58,2025-01-20 21:12:58
65,65,37,delivered,2024-08-28 15:11:55,2024-08-28 15:11:55,2024-08-28 13:11:55
66,66,40,out for delivery,2024-11-25 17:02:45,2024-11-25 20:02:45,2024-11-25 11:02:45
67,67,3,out for delivery,2025-01-08 17:51:28,2025-01-08 17:51:28,2025-01-08 11:51:28
68,68,46,out for delivery,2024-04-27 21:28:28,2024-04-27 23:28:28,2024-04-27 19:28:28
69,69,44,delivered,2025-02-16 07:48:33,2025-02-16 08:48:33,2025-02-16 03:48:33
70,70,18,delivered,2024-10-26 05:13:38,2024-10-26 05:13:38,2024-10-26 00:13:38
71,71,21,assigned,2025-04-08 06:17:58,2025-04-08 07:17:58,2025-04-08 04:17:58
72,72,44,delivered,2025-01-09 20:25:24,2025-01-09 23:25:24,2025-01-09 16:25:24
73,73,37,out for delivery,2024-06-17 04:14:40,2024-06-17 07:14:40,2024-06-17 02:14:40
74,74,7,delivered,2024-05-22 12:25:08,2024-05-22 14:25:08,2024-05-22 06:25:08
75,75,26,out for delivery,2024-08-07 20:50:19,2024-08-07 22:50:19,2024-08-07 17:50:19
76,76,1,assigned,2024-05-17 08:14:25,2024-05-17 09:14:25,2024-05-17 06:14:25
77,77,45,assigned,2025-04-22 01:04:03,2025-04-22 02:04:03,2025-04-21 19:04:03
78,78,14,delivered,2024-12-05 13:52:12,2024-12-05 16:52:12,2024-12-05 10:52:12
79,79,28,assigned,2024-10-15 07:10:39,2024-10-15 10:10:39,2024-10-15 02:10:39
80,80,7,delivered,2024-05-22 15:24:35,2024-05-22 17:24:35,2024-05-22 12:24:35
81,81,40,assigned,2024-11-19 10:36:17,2024-11-19 10:36:17,2024-11-19 07:36:17
82,82,24,assigned,2024-08-01 15:35:26,2024-08-01 17:35:26,2024-08-01 11:35:26
83,83,25,out for delivery,2025-01-24 11:53:52,2025-01-24 12:53:52,2025-01-24 09:53:52
84,84,50,delivered,2025-01-02 08:31:51,2025-01-02 11:31:51,2025-01-02 03:31:51
85,85,43,assigned,2024-10-05 06:23:22,2024-10-05 08:23:22,2024-10-05 03:23:22
86,86,16,assigned,2025-02-23 09:37:31,2025-02-23 09:37:31,2025-02-23 06:37:31
87,87,13,assigned,2025-04-14 02:53:54,2025-04-14 05:53:54,2025-04-13 20:53:54
88,88,18,assigned,2024-10-11 03:04:19,2024-10-11 03:04:19,2024-10-10 23:04:19
89,89,20,assigned,2024-04-13 21:28:34,2024-04-13 23:28:34,2024-04-13 16:28:34
90,90,9,delivered,2024-08-27 18:13:58,2024-08-27 20:13:58,2024-08-27 13:13:58
91,91,26,out for delivery,2024-05-28 00:38:39,2024-05-28 03:38:39,2024-05-27 22:38:39
92,92,39,out for delivery,2025-01-06 20:57:05,2025-01-06 23:57:05,2025-01-06 15:57:05
93,93,28,delivered,2024-05-13 19:11:38,2024-05-13 21:11:38,2024-05-13 15:11:38
94,94,4,delivered,2025-01-06 04:18:20,2025-01-06 06:18:20,2025-01-05 23:18:20
95,95,25,out for delivery,2025-02-15 17:13:26,2025-02-15 18:13:26,2025-02-15 12:13:26
96,96,9,out for delivery,2024-06-26 09:29:03,2024-06-26 09:29:03,2024-06-26 05:29:03
97,97,50,delivered,2024-07-11 11:51:28,2024-07-11 12:51:28,2024-07-11 06:51:28
98,98,11,out for delivery,2025-02-26 11:24:58,2025-02-26 12:24:58,2025-02-26 06:24:58
99,99,40,out for delivery,2025-01-06 08:16:38,2025-01-06 08:16:38,2025-01-06 02:16:38
100,100,29,delivered,2025-03-14 10:00:25,2025-03-14 12:00:25,2025-03-14 05:00:25
101,101,30,assigned,2024-09-01 20:43:38,2024-09-01 21:43:38,2024-09-01 14:43:38
102,102,25,delivered,2024-06-17 00:59:41,2024-06-17 01:59:41,2024-06-16 18:59:41
103,103,37,out for delivery,2024-12-11 06:00:23,2024-12-11 09:00:23,2024-12-11 01:00:23
104,104,42,assigned,2024-07-27 22:54:49,2024-07-28 00:54:49,2024-07-27 20:54:49
105,105,22,out for delivery,2024-10-14 04:42:47,2024-10-14 04:42:47,2024-10-13 23:42:47
106,106,35,assigned,2024-09-11 09:57:38,2024-09-11 10:57:38,2024-09-11 07:57:38
107,107,18,out for delivery,2025-01-26 22:06:47,2025-01-27 00:06:47,2025-01-26 20:06:47
108,108,4,delivered,2024-10-10 11:33:16,2024-10-10 11:33:16,2024-10-10 05:33:16
109,109,3,delivered,2024-07-07 05:02:14,2024-07-07 08:02:14,2024-07-07 02:02:14
110,110,32,assigned,2024-11-26 08:11:08,2024-11-26 11:11:08,2024-11-26 05:11:08
111,111,47,delivered,2024-08-16 02:53:35,2024-08-16 05:53:35,2024-08-15 21:53:35
112,112,42,delivered,2025-04-10 07:03:38,2025-04-10 08:03:38,2025-04-10 05:03:38
113,113,50,assigned,2024-09-02 12:40:24,2024-09-02 13:40:24,2024-09-02 06:40:24
114,114,31,assigned,2025-04-18 10:34:07,2025-04-18 13:34:07,2025-04-18 07:34:07
115,115,17,out for delivery,2024-08-10 06:46:08,2024-08-10 07:46:08,2024-08-10 00:46:08
116,116,35,out for delivery,2024-07-12 10:54:01,2024-07-12 10:54:01,2024-07-12 08:54:01
117,117,34,delivered,2025-01-12 08:48:31,2025-01-12 08:48:31,2025-01-12 04:48:31
118,118,5,delivered,2024-04-05 15:17:01,2024-04-05 17:17:01,2024-04-05 10:17:01
119,119,6,out for delivery,2024-10-23 04:37:10,2024-10-23 04:37:10,2024-10-22 22:37:10
120,120,5,out for delivery,2024-05-15 13:34:37,2024-05-15 14:34:37,2024-05-15 10:34:37
121,121,24,out for delivery,2024-04-27 09:32:56,2024-04-27 09:32:56,2024-04-27 05:32:56
122,122,28,out for delivery,2024-05-22 08:41:34,2024-05-22 11:41:34,2024-05-22 04:41:34
123,123,27,out for delivery,2024-11-03 04:55:31,2024-11-03 06:55:31,2024-11-03 00:55:31
124,124,11,delivered,2024-04-25 20:13:41,2024-04-25 20:13:41,2024-04-25 16:13:41
125,125,12,delivered,2024-07-26 15:48:51,2024-07-26 18:48:51,2024-07-26 11:48:51
126,126,48,delivered,2024-04-05 23:23:06,2024-04-06 02:23:06,2024-04-05 21:23:06
127,127,24,delivered,2025-03-01 09:57:44,2025-03-01 11:57:44,2025-03-01 07:57:44
128,128,2,delivered,2024-04-09 03:23:03,2024-04-09 06:23:03,2024-04-08 23:23:03
129,129,11,out for delivery,2024-04-04 12:45:29,2024-04-04 15:45:29,2024-04-04 09:45:29
130,130,25,out for delivery,2024-09-17 14:14:04,2024-09-17 17:14:04,2024-09-17 12:14:04
131,131,6,delivered,2024-07-24 01:26:39,2024-07-24 03:26:39,2024-07-23 21:26:39
132,132,19,assigned,2024-11-18 14:13:45,2024-11-18 16:13:45,2024-11-18 12:13:45
133,133,39,delivered,2024-05-18 03:24:47,2024-05-18 06:24:47,2024-05-18 01:24:47
134,134,44,out for delivery,2024-12-24 16:47:57,2024-12-24 19:47:57,2024-12-24 12:47:57
135,135,50,out for delivery,2024-12-01 16:53:30,2024-12-01 17:53:30,2024-12-01 14:53:30
136,136,13,assigned,2024-06-18 09:49:33,2024-06-18 10:49:33,2024-06-18 03:49:33
137,137,15,delivered,2024-12-28 05:59:11,2024-12-28 05:59:11,2024-12-27 23:59:11
138,138,37,delivered,2025-02-15 07:21:00,2025-02-15 09:21:00,2025-02-15 05:21:00
139,139,13,assigned,2024-04-02 05:04:54,2024-04-02 06:04:54,2024-04-01 23:04:54
140,140,49,assigned,2025-04-26 09:47:38,2025-04-26 11:47:38,2025-04-26 04:47:38
141,141,25,out for delivery,2025-03-04 02:51:32,2025-03-04 02:51:32,2025-03-03 21:51:32
142,142,38,out for delivery,2024-05-23 12:55:19,2024-05-23 12:55:19,2024-05-23 08:55:19
143,143,33,delivered,2024-09-04 18:18:07,2024-09-04 19:18:07,2024-09-04 14:18:07
144,144,30,out for delivery,2024-08-07 19:34:35,2024-08-07 21:34:35,2024-08-07 16:34:35
145,145,27,out for delivery,2024-08-27 21:09:29,2024-08-27 23:09:29,2024-08-27 17:09:29
146,146,2,assigned,2025-03-03 19:54:34,2025-03-03 22:54:34,2025-03-03 15:54:34
147,147,33,delivered,2025-01-15 20:11:25,2025-01-15 22:11:25,2025-01-15 18:11:25
148,148,47,out for delivery,2024-04-25 03:20:04,2024-04-25 06:20:04,2024-04-25 01:20:04
149,149,45,delivered,2024-11-09 15:32:59,2024-11-09 17:32:59,2024-11-09 11:32:59
150,150,24,out for delivery,2025-04-01 19:38:19,2025-04-01 20:38:19,2025-04-01 17:38:19
151,151,10,out for delivery,2025-01-31 10:02:56,2025-01-31 11:02:56,2025-01-31 06:02:56
152,152,15,assigned,2025-04-21 03:41:02,2025-04-21 06:41:02,2025-04-21 00:41:02
153,153,5,delivered,2024-08-16 09:37:21,2024-08-16 10:37:21,2024-08-16 03:37:21
154,154,26,out for delivery,2024-04-30 03:01:02,2024-04-30 05:01:02,2024-04-30 00:01:02
155,155,49,assigned,2024-07-17 10:21:18,2024-07-17 10:21:18,2024-07-17 06:21:18
156,156,19,delivered,2025-04-08 22:24:12,2025-04-08 22:24:12,2025-04-08 19:24:12
157,157,46,out for delivery,2025-01-11 19:51:58,2025-01-11 19:51:58,2025-01-11 13:51:58
158,158,19,assigned,2024-04-30 02:18:34,2024-04-30 03:18:34,2024-04-29 22:18:34
159,159,11,delivered,2024-08-28 13:30:12,2024-08-28 15:30:12,2024-08-28 11:30:12
160,160,24,delivered,2025-04-25 15:07:58,2025-04-25 16:07:58,2025-04-25 09:07:58
161,161,10,assigned,2025-03-30 21:00:23,2025-03-30 22:00:23,2025-03-30 17:00:23
162,162,39,assigned,2025-01-21 08:29:08,2025-01-21 09:29:08,2025-01-21 03:29:08
163,163,18,out for delivery,2025-03-21 04:52:05,2025-03-21 04:52:05,2025-03-21 02:52:05
164,164,31,delivered,2024-12-27 20:56:32,2024-12-27 20:56:32,2024-12-27 15:56:32
165,165,41,out for delivery,2024-07-18 06:42:45,2024-07-18 09:42:45,2024-07-18 01:42:45
166,166,21,delivered,2024-04-10 09:45:28,2024-04-10 10:45:28,2024-04-10 07:45:28
167,167,9,assigned,2024-04-17 23:13:33,2024-04-17 23:13:33,2024-04-17 17:13:33
168,168,27,delivered,2025-04-12 09:03:31,2025-04-12 10:03:31,2025-04-12 06:03:31
169,169,23,assigned,2025-01-07 08:41:46,2025-01-07 08:41:46,2025-01-07 06:41:46
170,170,47,out for delivery,2024-10-13 19:42:27,2024-10-13 21:42:27,2024-10-13 17:42:27
171,171,27,delivered,2024-09-04 07:11:05,2024-09-04 08:11:05,2024-09-04 02:11:05
172,172,6,assigned,2025-01-18 23:28:16,2025-01-19 02:28:16,2025-01-18 18:28:16
173,173,23,assigned,2024-11-09 14:06:52,2024-11-09 16:06:52,2024-11-09 12:06:52
174,174,48,delivered,2024-06-19 20:08:58,2024-06-19 21:08:58,2024-06-19 15:08:58
175,175,43,out for delivery,2024-10-09 05:08:10,2024-10-09 07:08:10,2024-10-09 02:08:10
176,176,13,assigned,2024-07-05 16:51:33,2024-07-05 16:51:33,2024-07-05 14:51:33
177,177,47,out for delivery,2024-06-25 00:33:09,2024-06-25 01:33:09,2024-06-24 18:33:09
178,178,18,delivered,2025-03-12 09:50:35,2025-03-12 11:50:35,2025-03-12 06:50:35
179,179,12,assigned,2025-02-01 02:43:42,2025-02-01 02:43:42,2025-01-31 21:43:42
180,180,4,delivered,2024-12-26 07:47:31,2024-12-26 09:47:31,2024-12-26 04:47:31
181,181,28,assigned,2024-09-14 19:47:53,2024-09-14 22:47:53,2024-09-14 14:47:53
182,182,22,assigned,2024-08-31 12:36:14,2024-08-31 15:36:14,2024-08-31 09:36:14
183,183,12,assigned,2024-04-29 15:43:04,2024-04-29 17:43:04,2024-04-29 10:43:04
184,184,24,assigned,2024-08-03 18:07:41,2024-08-03 19:07:41,2024-08-03 16:07:41
185,185,22,assigned,2024-10-10 17:40:46,2024-10-10 20:40:46,2024-10-10 14:40:46
186,186,31,assigned,2024-06-26 19:22:24,2024-06-26 21:22:24,2024-06-26 15:22:24
187,187,20,delivered,2024-04-30 05:15:44,2024-04-30 06:15:44,2024-04-30 03:15:44
188,188,49,assigned,2025-04-24 06:31:50,2025-04-24 08:31:50,2025-04-24 00:31:50
189,189,28,out for delivery,2025-01-14 20:18:13,2025-01-14 23:18:13,2025-01-14 16:18:13
190,190,10,assigned,2024-07-10 21:58:38,2024-07-10 23:58:38,2024-07-10 19:58:38
191,191,2,out for delivery,2025-02-07 15:52:36,2025-02-07 17:52:36,2025-02-07 09:52:36
192,192,35,out for delivery,2025-01-14 17:37:57,2025-01-14 18:37:57,2025-01-14 13:37:57
193,193,4,delivered,2024-11-12 09:41:50,2024-11-12 11:41:50,2024-11-12 07:41:50
194,194,25,out for delivery,2024-08-28 00:27:01,2024-08-28 00:27:01,2024-08-27 22:27:01
195,195,35,out for delivery,2024-09-25 02:50:20,2024-09-25 03:50:20,2024-09-24 20:50:20
196,196,15,out for delivery,2024-10-29 18:37:08,2024-10-29 21:37:08,2024-10-29 16:37:08
197,197,27,assigned,2025-04-13 23:24:06,2025-04-13 23:24:06,2025-04-13 21:24:06
198,198,29,out for delivery,2024-09-01 02:47:25,2024-09-01 05:47:25,2024-08-31 22:47:25
199,199,23,assigned,2024-07-02 17:57:50,2024-07-02 18:57:50,2024-07-02 14:57:50
200,200,5,assigned,2024-09-20 21:57:46,2024-09-21 00:57:46,2024-09-20 16:57:46
201,201,48,delivered,2024-09-30 19:20:48,2024-09-30 21:20:48,2024-09-30 16:20:48
202,202,49,delivered,2025-01-22 05:06:18,2025-01-22 07:06:18,2025-01-22 03:06:18
203,203,37,delivered,2024-12-28 01:45:55,2024-12-28 01:45:55,2024-12-27 21:45:55
204,204,6,out for delivery,2025-01-13 02:05:15,2025-01-13 03:05:15,2025-01-12 21:05:15
205,205,37,out for delivery,2024-11-20 00:14:34,2024-11-20 01:14:34,2024-11-19 20:14:34
206,206,17,assigned,2024-04-07 06:49:23,2024-04-07 09:49:23,2024-04-07 01:49:23
207,207,5,delivered,2024-09-01 21:43:13,2024-09-01 22:43:13,2024-09-01 18:43:13
208,208,41,assigned,2025-01-11 06:57:38,2025-01-11 08:57:38,2025-01-11 04:57:38
209,209,30,out for delivery,2024-08-02 04:29:38,2024-08-02 06:29:38,2024-08-02 02:29:38
210,210,3,out for delivery,2024-11-08 00:29:11,2024-11-08 03:29:11,2024-11-07 21:29:11
211,211,23,assigned,2024-12-03 12:09:37,2024-12-03 15:09:37,2024-12-03 10:09:37
212,212,8,assigned,2024-05-16 12:15:25,2024-05-16 15:15:25,2024-05-16 07:15:25
213,213,50,assigned,2024-06-25 00:15:55,2024-06-25 01:15:55,2024-06-24 19:15:55
214,214,37,out for delivery,2024-08-23 20:40:48,2024-08-23 22:40:48,2024-08-23 18:40:48
215,215,30,out for delivery,2024-11-03 13:57:05,2024-11-03 16:57:05,2024-11-03 08:57:05
216,216,9,out for delivery,2024-12-22 17:09:38,2024-12-22 19:09:38,2024-12-22 14:09:38
217,217,26,assigned,2025-02-22 20:22:03,2025-02-22 21:22:03,2025-02-22 15:22:03
218,218,38,assigned,2024-11-08 01:06:19,2024-11-08 04:06:19,2024-11-07 21:06:19
219,219,20,assigned,2024-11-18 11:10:55,2024-11-18 14:10:55,2024-11-18 05:10:55
220,220,26,assigned,2025-03-15 05:56:19,2025-03-15 08:56:19,2025-03-15 03:56:19
221,221,42,out for delivery,2025-03-20 23:02:13,2025-03-21 02:02:13,2025-03-20 17:02:13
222,222,49,assigned,2025-01-19 04:32:56,2025-01-19 04:32:56,2025-01-19 00:32:56
223,223,41,out for delivery,2024-08-24 05:37:34,2024-08-24 06:37:34,2024-08-23 23:37:34
224,224,12,assigned,2024-08-29 06:22:15,2024-08-29 06:22:15,2024-08-29 01:22:15
225,225,18,out for delivery,2024-04-22 16:02:33,2024-04-22 17:02:33,2024-04-22 13:02:33
226,226,24,assigned,2024-10-14 21:03:44,2024-10-15 00:03:44,2024-10-14 17:03:44
227,227,1,out for delivery,2025-01-20 07:16:26,2025-01-20 09:16:26,2025-01-20 03:16:26
228,228,22,out for delivery,2025-03-13 09:10:07,2025-03-13 10:10:07,2025-03-13 05:10:07
229,229,7,delivered,2024-05-10 08:46:10,2024-05-10 10:46:10,2024-05-10 03:46:10
230,230,40,delivered,2024-10-04 12:57:15,2024-10-04 15:57:15,2024-10-04 08:57:15
231,231,21,delivered,2024-12-10 04:57:10,2024-12-10 04:57:10,2024-12-09 22:57:10
232,232,28,out for delivery,2024-10-19 21:23:24,2024-10-19 23:23:24,2024-10-19 16:23:24
233,233,5,delivered,2025-04-04 17:38:13,2025-04-04 17:38:13,2025-04-04 11:38:13
234,234,42,delivered,2024-04-15 09:10:46,2024-04-15 10:10:46,2024-04-15 06:10:46
235,235,9,assigned,2025-02-15 01:43:24,2025-02-15 03:43:24,2025-02-14 22:43:24
236,236,7,out for delivery,2024-04-12 08:33:15,2024-04-12 10:33:15,2024-04-12 03:33:15
237,237,5,out for delivery,2024-09-30 15:16:23,2024-09-30 17:16:23,2024-09-30 09:16:23
238,238,35,out for delivery,2025-04-22 02:08:09,2025-04-22 02:08:09,2025-04-21 21:08:09
239,239,38,delivered,2024-06-19 13:39:36,2024-06-19 15:39:36,2024-06-19 09:39:36
240,240,40,delivered,2024-12-26 02:56:39,2024-12-26 03:56:39,2024-12-25 20:56:39
241,241,40,delivered,2024-12-08 08:30:20,2024-12-08 10:30:20,2024-12-08 05:30:20
242,242,2,out for delivery,2024-10-14 06:00:58,2024-10-14 06:00:58,2024-10-14 00:00:58
243,243,13,assigned,2024-04-19 03:42:33,2024-04-19 05:42:33,2024-04-18 21:42:33
244,244,48,assigned,2024-10-26 00:00:13,2024-10-26 00:00:13,2024-10-25 19:00:13
245,245,16,delivered,2024-08-01 11:42:13,2024-08-01 12:42:13,2024-08-01 07:42:13
246,246,17,delivered,2024-11-01 11:41:49,2024-11-01 13:41:49,2024-11-01 06:41:49
247,247,37,delivered,2024-08-08 07:43:40,2024-08-08 09:43:40,2024-08-08 05:43:40
248,248,24,delivered,2025-04-12 18:28:01,2025-04-12 18:28:01,2025-04-12 15:28:01
249,249,29,delivered,2024-06-16 16:14:08,2024-06-16 18:14:08,2024-06-16 13:14:08
250,250,29,delivered,2025-01-21 09:34:50,2025-01-21 11:34:50,2025-01-21 03:34:50
251,251,7,delivered,2024-06-25 15:51:10,2024-06-25 16:51:10,2024-06-25 10:51:10
252,252,33,out for delivery,2025-04-10 02:12:59,2025-04-10 02:12:59,2025-04-09 20:12:59
253,253,47,assigned,2024-10-25 16:23:24,2024-10-25 16:23:24,2024-10-25 12:23:24
254,254,3,assigned,2024-08-27 14:53:23,2024-08-27 17:53:23,2024-08-27 10:53:23
255,255,48,out for delivery,2025-01-21 16:17:11,2025-01-21 19:17:11,2025-01-21 14:17:11
256,256,1,assigned,2024-04-02 01:49:06,2024-04-02 02:49:06,2024-04-01 19:49:06
257,257,25,assigned,2024-07-10 18:38:04,2024-07-10 19:38:04,2024-07-10 12:38:04
258,258,15,out for delivery,2024-07-19 13:11:07,2024-07-19 13:11:07,2024-07-19 09:11:07
259,259,8,assigned,2024-04-24 20:04:47,2024-04-24 22:04:47,2024-04-24 18:04:47
260,260,15,out for delivery,2025-03-23 03:45:38,2025-03-23 03:45:38,2025-03-22 23:45:38
261,261,17,delivered,2025-03-27 14:45:16,2025-03-27 16:45:16,2025-03-27 09:45:16
262,262,17,delivered,2024-08-27 10:55:42,2024-08-27 13:55:42,2024-08-27 06:55:42
263,263,15,out for delivery,2024-10-01 15:44:38,2024-10-01 17:44:38,2024-10-01 11:44:38
264,264,40,out for delivery,2025-02-20 09:16:06,2025-02-20 09:16:06,2025-02-20 05:16:06
265,265,47,delivered,2024-09-12 14:04:46,2024-09-12 15:04:46,2024-09-12 10:04:46
266,266,24,out for delivery,2024-05-11 14:55:48,2024-05-11 17:55:48,2024-05-11 08:55:48
267,267,19,out for delivery,2024-07-03 06:31:47,2024-07-03 06:31:47,2024-07-03 04:31:47
268,268,14,assigned,2024-08-25 10:47:15,2024-08-25 11:47:15,2024-08-25 04:47:15
269,269,27,delivered,2024-05-18 11:42:24,2024-05-18 11:42:24,2024-05-18 09:42:24
270,270,24,out for delivery,2024-08-01 04:59:41,2024-08-01 05:59:41,2024-07-31 23:59:41
271,271,20,out for delivery,2024-04-07 14:03:53,2024-04-07 16:03:53,2024-04-07 11:03:53
272,272,6,delivered,2025-03-03 16:44:34,2025-03-03 16:44:34,2025-03-03 14:44:34
273,273,32,delivered,2024-11-18 07:28:20,2024-11-18 08:28:20,2024-11-18 05:28:20
274,274,49,delivered,2025-02-05 11:50:56,2025-02-05 13:50:56,2025-02-05 05:50:56
275,275,26,assigned,2024-12-05 07:17:08,2024-12-05 07:17:08,2024-12-05 03:17:08
276,276,28,delivered,2024-11-29 13:51:41,2024-11-29 13:51:41,2024-11-29 08:51:41
277,277,40,delivered,2024-11-24 14:18:22,2024-11-24 16:18:22,2024-11-24 10:18:22
278,278,22,out for delivery,2025-02-17 13:12:19,2025-02-17 16:12:19,2025-02-17 08:12:19
279,279,38,delivered,2024-08-19 22:46:44,2024-08-20 00:46:44,2024-08-19 18:46:44
280,280,27,delivered,2024-09-15 01:02:09,2024-09-15 02:02:09,2024-09-14 20:02:09
281,281,27,delivered,2024-04-22 14:49:12,2024-04-22 16:49:12,2024-04-22 12:49:12
282,282,47,assigned,2025-04-25 20:16:50,2025-04-25 20:16:50,2025-04-25 16:16:50
283,283,19,assigned,2024-05-23 16:22:29,2024-05-23 16:22:29,2024-05-23 10:22:29
284,284,19,delivered,2024-11-01 15:57:55,2024-11-01 17:57:55,2024-11-01 11:57:55
285,285,50,out for delivery,2024-09-02 17:58:30,2024-09-02 19:58:30,2024-09-02 13:58:30
286,286,10,out for delivery,2024-06-07 18:28:35,2024-06-07 18:28:35,2024-06-07 14:28:35
287,287,35,out for delivery,2024-08-31 03:08:24,2024-08-31 03:08:24,2024-08-30 21:08:24
288,288,13,out for delivery,2024-11-26 15:46:32,2024-11-26 18:46:32,2024-11-26 12:46:32
289,289,31,out for delivery,2025-01-15 11:25:45,2025-01-15 11:25:45,2025-01-15 06:25:45
290,290,34,assigned,2024-12-19 01:26:49,2024-12-19 04:26:49,2024-12-18 20:26:49
291,291,30,out for delivery,2025-03-23 11:11:08,2025-03-23 11:11:08,2025-03-23 06:11:08
292,292,14,delivered,2024-10-02 06:36:58,2024-10-02 07:36:58,2024-10-02 00:36:58
293,293,42,assigned,2024-10-14 04:44:33,2024-10-14 07:44:33,2024-10-13 22:44:33
294,294,30,assigned,2024-07-21 05:42:40,2024-07-21 08:42:40,2024-07-21 00:42:40
295,295,36,delivered,2025-02-21 18:51:12,2025-02-21 19:51:12,2025-02-21 15:51:12
296,296,40,delivered,2025-01-12 12:45:30,2025-01-12 15:45:30,2025-01-12 07:45:30
297,297,22,delivered,2024-04-05 21:32:06,2024-04-05 23:32:06,2024-04-05 16:32:06
298,298,27,delivered,2024-09-22 08:51:20,2024-09-22 11:51:20,2024-09-22 03:51:20
299,299,48,out for delivery,2024-08-07 07:48:50,2024-08-07 07:48:50,2024-08-07 03:48:50
300,300,48,assigned,2024-09-04 22:29:43,2024-09-04 22:29:43,2024-09-04 16:29:43
301,301,47,out for delivery,2024-11-05 11:06:26,2024-11-05 12:06:26,2024-11-05 08:06:26
302,302,17,delivered,2024-04-11 08:27:51,2024-04-11 10:27:51,2024-04-11 03:27:51
303,303,24,delivered,2024-07-07 04:20:16,2024-07-07 06:20:16,2024-07-06 23:20:16
304,304,21,out for delivery,2024-08-19 20:03:50,2024-08-19 21:03:50,2024-08-19 17:03:50
305,305,43,delivered,2025-03-12 14:56:07,2025-03-12 17:56:07,2025-03-12 10:56:07
306,306,10,delivered,2024-10-28 14:04:48,2024-10-28 14:04:48,2024-10-28 11:04:48
307,307,31,assigned,2024-07-29 12:20:37,2024-07-29 15:20:37,2024-07-29 07:20:37
308,308,48,delivered,2024-05-05 06:20:37,2024-05-05 06:20:37,2024-05-05 04:20:37
309,309,48,assigned,2024-12-30 23:40:28,2024-12-30 23:40:28,2024-12-30 19:40:28
310,310,43,out for delivery,2024-08-31 21:16:48,2024-08-31 23:16:48,2024-08-31 18:16:48
311,311,11,out for delivery,2024-04-24 21:21:08,2024-04-25 00:21:08,2024-04-24 18:21:08
312,312,17,assigned,2025-01-25 17:05:18,2025-01-25 19:05:18,2025-01-25 15:05:18
313,313,11,delivered,2024-08-19 16:29:16,2024-08-19 19:29:16,2024-08-19 13:29:16
314,314,6,out for delivery,2024-06-27 06:43:35,2024-06-27 09:43:35,2024-06-27 03:43:35
315,315,37,assigned,2024-04-05 02:21:38,2024-04-05 02:21:38,2024-04-04 20:21:38
316,316,27,assigned,2024-12-19 21:11:38,2024-12-19 23:11:38,2024-12-19 16:11:38
317,317,1,assigned,2024-11-29 21:06:21,2024-11-29 23:06:21,2024-11-29 17:06:21
318,318,50,out for delivery,2025-02-20 07:30:01,2025-02-20 08:30:01,2025-02-20 05:30:01
319,319,14,assigned,2024-05-10 04:15:59,2024-05-10 05:15:59,2024-05-10 02:15:59
320,320,14,delivered,2024-06-20 00:30:19,2024-06-20 03:30:19,2024-06-19 19:30:19
321,321,44,delivered,2024-08-29 20:36:54,2024-08-29 21:36:54,2024-08-29 18:36:54
322,322,45,delivered,2024-04-14 12:52:35,2024-04-14 14:52:35,2024-04-14 07:52:35
323,323,30,assigned,2024-04-26 14:48:26,2024-04-26 16:48:26,2024-04-26 10:48:26
324,324,22,out for delivery,2024-06-22 10:18:21,2024-06-22 11:18:21,2024-06-22 07:18:21
325,325,30,assigned,2025-01-22 03:41:50,2025-01-22 03:41:50,2025-01-21 22:41:50
326,326,9,assigned,2024-11-14 14:17:53,2024-11-14 16:17:53,2024-11-14 10:17:53
327,327,36,out for delivery,2024-08-04 05:42:09,2024-08-04 07:42:09,2024-08-04 02:42:09
328,328,19,assigned,2024-06-17 21:06:42,2024-06-18 00:06:42,2024-06-17 16:06:42
329,329,7,delivered,2024-06-28 23:02:00,2024-06-29 02:02:00,2024-06-28 19:02:00
330,330,36,delivered,2025-04-16 11:19:09,2025-04-16 12:19:09,2025-04-16 09:19:09
331,331,13,delivered,2025-03-31 10:47:20,2025-03-31 13:47:20,2025-03-31 08:47:20
332,332,33,assigned,2025-04-04 00:23:53,2025-04-04 01:23:53,2025-04-03 21:23:53
333,333,7,out for delivery,2024-12-03 15:43:17,2024-12-03 18:43:17,2024-12-03 13:43:17
334,334,20,assigned,2024-10-31 04:08:11,2024-10-31 07:08:11,2024-10-31 00:08:11
335,335,26,delivered,2025-03-01 03:53:54,2025-03-01 06:53:54,2025-03-01 01:53:54
336,336,33,assigned,2024-07-13 09:10:18,2024-07-13 11:10:18,2024-07-13 06:10:18
337,337,39,delivered,2024-11-22 21:53:20,2024-11-22 21:53:20,2024-11-22 16:53:20
338,338,8,out for delivery,2024-07-08 06:40:28,2024-07-08 09:40:28,2024-07-08 04:40:28
339,339,47,out for delivery,2024-08-15 18:49:01,2024-08-15 20:49:01,2024-08-15 15:49:01
340,340,7,assigned,2024-06-16 02:55:53,2024-06-16 04:55:53,2024-06-15 21:55:53
341,341,28,out for delivery,2024-06-09 21:59:49,2024-06-09 22:59:49,2024-06-09 18:59:49
342,342,35,out for delivery,2025-04-03 19:19:07,2025-04-03 21:19:07,2025-04-03 16:19:07
343,343,17,out for delivery,2024-06-19 22:43:59,2024-06-20 00:43:59,2024-06-19 16:43:59
344,344,39,assigned,2024-08-27 04:01:11,2024-08-27 07:01:11,2024-08-27 00:01:11
345,345,39,assigned,2025-03-19 22:10:37,2025-03-19 22:10:37,2025-03-19 16:10:37
346,346,31,out for delivery,2025-02-09 01:12:33,2025-02-09 03:12:33,2025-02-08 21:12:33
347,347,42,delivered,2024-11-14 03:57:09,2024-11-14 06:57:09,2024-11-13 21:57:09
348,348,4,assigned,2024-09-23 11:12:48,2024-09-23 13:12:48,2024-09-23 09:12:48
349,349,4,out for delivery,2025-01-27 13:27:56,2025-01-27 16:27:56,2025-01-27 07:27:56
350,350,12,delivered,2024-09-30 02:52:45,2024-09-30 03:52:45,2024-09-30 00:52:45
351,351,31,delivered,2024-05-08 17:17:45,2024-05-08 17:17:45,2024-05-08 12:17:45
352,352,36,out for delivery,2025-03-14 18:54:54,2025-03-14 21:54:54,2025-03-14 15:54:54
353,353,18,delivered,2024-11-06 11:11:09,2024-11-06 13:11:09,2024-11-06 09:11:09
354,354,18,out for delivery,2024-04-11 08:09:11,2024-04-11 10:09:11,2024-04-11 03:09:11
355,355,44,delivered,2024-12-31 14:56:05,2024-12-31 16:56:05,2024-12-31 10:56:05
356,356,7,out for delivery,2024-10-21 22:13:36,2024-10-22 01:13:36,2024-10-21 17:13:36
357,357,8,out for delivery,2024-05-22 15:25:37,2024-05-22 17:25:37,2024-05-22 12:25:37
358,358,14,out for delivery,2024-12-26 10:08:28,2024-12-26 11:08:28,2024-12-26 05:08:28
359,359,10,assigned,2025-02-14 17:50:17,2025-02-14 20:50:17,2025-02-14 13:50:17
360,360,18,assigned,2025-01-06 18:28:45,2025-01-06 20:28:45,2025-01-06 16:28:45
361,361,10,out for delivery,2024-04-15 06:56:43,2024-04-15 06:56:43,2024-04-15 01:56:43
362,362,38,delivered,2024-12-21 23:33:21,2024-12-22 01:33:21,2024-12-21 18:33:21
363,363,12,assigned,2024-06-11 01:47:12,2024-06-11 02:47:12,2024-06-10 23:47:12
364,364,16,out for delivery,2024-07-20 19:34:29,2024-07-20 21:34:29,2024-07-20 14:34:29
365,365,18,out for delivery,2024-06-01 03:50:57,2024-06-01 03:50:57,2024-05-31 23:50:57
366,366,5,assigned,2024-12-22 00:38:05,2024-12-22 02:38:05,2024-12-21 18:38:05
367,367,22,out for delivery,2024-05-03 01:56:13,2024-05-03 01:56:13,2024-05-02 22:56:13
368,368,1,out for delivery,2025-04-07 15:06:12,2025-04-07 15:06:12,2025-04-07 10:06:12
369,369,39,out for delivery,2025-04-10 15:38:00,2025-04-10 15:38:00,2025-04-10 09:38:00
370,370,25,out for delivery,2024-06-30 08:30:03,2024-06-30 08:30:03,2024-06-30 04:30:03
371,371,31,out for delivery,2024-12-05 13:46:02,2024-12-05 15:46:02,2024-12-05 11:46:02
372,372,45,assigned,2024-12-17 16:56:18,2024-12-17 19:56:18,2024-12-17 14:56:18
373,373,39,delivered,2024-12-28 09:00:03,2024-12-28 10:00:03,2024-12-28 04:00:03
374,374,33,assigned,2024-11-20 05:14:12,2024-11-20 07:14:12,2024-11-20 03:14:12
375,375,30,out for delivery,2024-10-13 06:03:31,2024-10-13 06:03:31,2024-10-13 01:03:31
376,376,50,delivered,2024-10-23 10:13:43,2024-10-23 12:13:43,2024-10-23 05:13:43
377,377,29,assigned,2024-07-15 09:04:50,2024-07-15 12:04:50,2024-07-15 03:04:50
378,378,40,assigned,2025-04-13 05:07:15,2025-04-13 07:07:15,2025-04-13 01:07:15
379,379,40,assigned,2025-01-23 08:59:33,2025-01-23 11:59:33,2025-01-23 02:59:33
380,380,27,out for delivery,2024-11-03 05:17:06,2024-11-03 08:17:06,2024-11-03 03:17:06
381,381,11,assigned,2024-06-16 14:48:27,2024-06-16 16:48:27,2024-06-16 09:48:27
382,382,47,assigned,2025-03-10 13:12:48,2025-03-10 16:12:48,2025-03-10 09:12:48
383,383,20,out for delivery,2024-05-06 02:41:18,2024-05-06 04:41:18,2024-05-06 00:41:18
384,384,16,assigned,2024-04-25 00:49:49,2024-04-25 02:49:49,2024-04-24 19:49:49
385,385,20,out for delivery,2024-10-07 12:18:33,2024-10-07 12:18:33,2024-10-07 10:18:33
386,386,24,delivered,2025-04-07 17:02:54,2025-04-07 18:02:54,2025-04-07 14:02:54
387,387,13,delivered,2024-04-09 01:07:30,2024-04-09 03:07:30,2024-04-08 22:07:30
388,388,30,out for delivery,2024-10-06 03:22:43,2024-10-06 04:22:43,2024-10-05 21:22:43
389,389,32,delivered,2025-02-21 10:50:37,2025-02-21 13:50:37,2025-02-21 05:50:37
390,390,6,delivered,2024-12-06 18:35:20,2024-12-06 19:35:20,2024-12-06 15:35:20
391,391,29,out for delivery,2024-11-21 00:28:42,2024-11-21 00:28:42,2024-11-20 19:28:42
392,392,5,delivered,2024-10-16 10:14:21,2024-10-16 12:14:21,2024-10-16 05:14:21
393,393,9,delivered,2024-07-31 04:26:17,2024-07-31 07:26:17,2024-07-30 23:26:17
394,394,29,out for delivery,2024-06-13 16:46:17,2024-06-13 16:46:17,2024-06-13 13:46:17
395,395,40,out for delivery,2025-03-07 17:55:45,2025-03-07 18:55:45,2025-03-07 14:55:45
396,396,12,assigned,2025-03-10 21:05:55,2025-03-10 23:05:55,2025-03-10 19:05:55
397,397,39,assigned,2024-10-20 00:18:20,2024-10-20 00:18:20,2024-10-19 19:18:20
398,398,34,delivered,2024-08-27 01:41:45,2024-08-27 04:41:45,2024-08-26 19:41:45
399,399,43,assigned,2024-09-03 05:14:08,2024-09-03 07:14:08,2024-09-03 00:14:08
400,400,3,out for delivery,2024-05-31 10:42:51,2024-05-31 11:42:51,2024-05-31 07:42:51
401,401,24,delivered,2025-03-30 11:21:58,2025-03-30 13:21:58,2025-03-30 06:21:58
402,402,8,assigned,2024-10-05 00:28:37,2024-10-05 03:28:37,2024-10-04 18:28:37
403,403,17,assigned,2025-03-24 16:39:10,2025-03-24 16:39:10,2025-03-24 14:39:10
404,404,50,assigned,2024-07-28 06:43:09,2024-07-28 06:43:09,2024-07-28 03:43:09
405,405,17,assigned,2024-11-24 03:01:35,2024-11-24 06:01:35,2024-11-23 21:01:35
406,406,4,delivered,2024-12-27 16:40:12,2024-12-27 16:40:12,2024-12-27 11:40:12
407,407,17,assigned,2025-01-26 20:37:06,2025-01-26 22:37:06,2025-01-26 14:37:06
408,408,22,out for delivery,2024-05-17 13:51:06,2024-05-17 15:51:06,2024-05-17 09:51:06
409,409,19,delivered,2025-04-10 10:06:51,2025-04-10 10:06:51,2025-04-10 08:06:51
410,410,16,assigned,2025-04-06 20:35:19,2025-04-06 23:35:19,2025-04-06 14:35:19
411,411,1,assigned,2024-09-28 23:56:36,2024-09-29 00:56:36,2024-09-28 19:56:36
412,412,47,out for delivery,2025-02-23 09:07:38,2025-02-23 09:07:38,2025-02-23 07:07:38
413,413,8,delivered,2024-11-07 07:44:31,2024-11-07 08:44:31,2024-11-07 03:44:31
414,414,30,assigned,2024-06-03 15:51:10,2024-06-03 18:51:10,2024-06-03 09:51:10
415,415,15,assigned,2024-08-10 17:52:34,2024-08-10 19:52:34,2024-08-10 15:52:34
416,416,5,out for delivery,2024-08-07 00:35:29,2024-08-07 01:35:29,2024-08-06 19:35:29
417,417,29,out for delivery,2024-08-19 06:41:36,2024-08-19 08:41:36,2024-08-19 02:41:36
418,418,43,assigned,2025-02-11 01:09:40,2025-02-11 02:09:40,2025-02-10 23:09:40
419,419,46,out for delivery,2024-05-27 01:00:12,2024-05-27 01:00:12,2024-05-26 21:00:12
420,420,23,assigned,2024-12-24 06:16:41,2024-12-24 06:16:41,2024-12-24 01:16:41
421,421,27,assigned,2024-12-08 20:00:28,2024-12-08 21:00:28,2024-12-08 16:00:28
422,422,14,assigned,2024-08-24 09:58:22,2024-08-24 12:58:22,2024-08-24 07:58:22
423,423,29,delivered,2024-06-12 15:13:06,2024-06-12 17:13:06,2024-06-12 09:13:06
424,424,27,delivered,2024-06-28 05:29:18,2024-06-28 08:29:18,2024-06-27 23:29:18
425,425,17,assigned,2024-06-21 00:43:30,2024-06-21 03:43:30,2024-06-20 22:43:30
426,426,19,delivered,2025-04-22 20:05:06,2025-04-22 23:05:06,2025-04-22 16:05:06
427,427,14,delivered,2024-08-12 08:17:27,2024-08-12 08:17:27,2024-08-12 05:17:27
428,428,50,assigned,2024-11-13 09:10:36,2024-11-13 09:10:36,2024-11-13 07:10:36
429,429,34,assigned,2024-09-12 08:36:48,2024-09-12 08:36:48,2024-09-12 03:36:48
430,430,7,assigned,2024-10-15 05:04:30,2024-10-15 08:04:30,2024-10-15 02:04:30
431,431,16,delivered,2025-04-21 09:52:13,2025-04-21 09:52:13,2025-04-21 05:52:13
432,432,42,out for delivery,2025-03-05 04:35:06,2025-03-05 07:35:06,2025-03-05 02:35:06
433,433,2,delivered,2024-06-24 13:14:08,2024-06-24 15:14:08,2024-06-24 09:14:08
434,434,27,delivered,2025-01-21 07:18:17,2025-01-21 10:18:17,2025-01-21 03:18:17
435,435,45,out for delivery,2025-01-01 14:01:12,2025-01-01 17:01:12,2025-01-01 11:01:12
436,436,26,assigned,2024-08-28 21:31:41,2024-08-28 21:31:41,2024-08-28 17:31:41
437,437,18,delivered,2024-09-24 01:27:17,2024-09-24 03:27:17,2024-09-23 20:27:17
438,438,8,delivered,2024-10-23 08:29:32,2024-10-23 10:29:32,2024-10-23 05:29:32
439,439,16,delivered,2024-11-16 19:27:01,2024-11-16 21:27:01,2024-11-16 14:27:01
440,440,38,delivered,2024-10-09 18:13:30,2024-10-09 19:13:30,2024-10-09 16:13:30
441,441,20,out for delivery,2024-11-19 13:56:26,2024-11-19 16:56:26,2024-11-19 09:56:26
442,442,10,assigned,2024-12-05 06:10:34,2024-12-05 06:10:34,2024-12-05 00:10:34
443,443,49,delivered,2024-08-04 03:18:12,2024-08-04 06:18:12,2024-08-03 22:18:12
444,444,40,out for delivery,2024-07-12 19:49:13,2024-07-12 21:49:13,2024-07-12 13:49:13
445,445,33,out for delivery,2025-03-03 02:23:17,2025-03-03 02:23:17,2025-03-02 23:23:17
446,446,43,delivered,2024-11-17 22:45:32,2024-11-18 01:45:32,2024-11-17 17:45:32
447,447,31,out for delivery,2024-12-11 05:54:01,2024-12-11 08:54:01,2024-12-11 00:54:01
448,448,16,assigned,2024-09-19 06:16:31,2024-09-19 08:16:31,2024-09-19 03:16:31
449,449,4,delivered,2024-09-09 04:31:10,2024-09-09 06:31:10,2024-09-09 00:31:10
450,450,21,out for delivery,2024-06-19 06:30:06,2024-06-19 09:30:06,2024-06-19 00:30:06
451,451,18,out for delivery,2024-08-31 10:47:18,2024-08-31 11:47:18,2024-08-31 05:47:18
452,452,2,delivered,2024-05-23 10:58:45,2024-05-23 12:58:45,2024-05-23 04:58:45
453,453,20,assigned,2024-04-29 03:59:46,2024-04-29 06:59:46,2024-04-28 21:59:46
454,454,20,delivered,2024-05-26 22:52:08,2024-05-26 23:52:08,2024-05-26 18:52:08
455,455,34,delivered,2024-04-23 18:57:41,2024-04-23 21:57:41,2024-04-23 15:57:41
456,456,6,assigned,2024-11-07 11:35:52,2024-11-07 12:35:52,2024-11-07 08:35:52
457,457,6,assigned,2025-01-29 02:10:05,2025-01-29 04:10:05,2025-01-28 22:10:05
458,458,26,delivered,2024-07-19 09:25:30,2024-07-19 09:25:30,2024-07-19 07:25:30
459,459,48,assigned,2024-04-06 05:03:44,2024-04-06 08:03:44,2024-04-06 03:03:44
460,460,19,delivered,2024-11-01 19:10:35,2024-11-01 19:10:35,2024-11-01 15:10:35
461,461,31,out for delivery,2025-04-21 07:51:57,2025-04-21 07:51:57,2025-04-21 05:51:57
462,462,34,assigned,2025-03-20 18:26:36,2025-03-20 18:26:36,2025-03-20 15:26:36
463,463,3,delivered,2025-04-23 17:53:27,2025-04-23 18:53:27,2025-04-23 11:53:27
464,464,13,out for delivery,2025-03-04 16:33:02,2025-03-04 19:33:02,2025-03-04 12:33:02
465,465,49,assigned,2025-03-09 20:15:40,2025-03-09 20:15:40,2025-03-09 14:15:40
466,466,24,assigned,2025-01-19 12:24:23,2025-01-19 13:24:23,2025-01-19 08:24:23
467,467,27,delivered,2024-05-14 23:58:05,2024-05-14 23:58:05,2024-05-14 19:58:05
468,468,26,out for delivery,2024-12-31 21:38:10,2024-12-31 22:38:10,2024-12-31 18:38:10
469,469,37,out for delivery,2024-04-06 18:07:43,2024-04-06 20:07:43,2024-04-06 15:07:43
470,470,41,out for delivery,2025-02-23 09:36:10,2025-02-23 10:36:10,2025-02-23 03:36:10
471,471,47,delivered,2025-02-28 04:02:29,2025-02-28 06:02:29,2025-02-27 22:02:29
472,472,14,delivered,2025-03-15 02:27:48,2025-03-15 05:27:48,2025-03-14 20:27:48
473,473,42,assigned,2025-03-08 12:01:01,2025-03-08 15:01:01,2025-03-08 09:01:01
474,474,2,assigned,2024-06-23 01:40:47,2024-06-23 01:40:47,2024-06-22 20:40:47
475,475,19,assigned,2024-08-25 02:36:54,2024-08-25 04:36:54,2024-08-24 20:36:54
476,476,8,delivered,2025-02-17 01:05:49,2025-02-17 01:05:49,2025-02-16 22:05:49
477,477,47,delivered,2025-04-23 16:30:57,2025-04-23 16:30:57,2025-04-23 13:30:57
478,478,48,out for delivery,2024-10-01 17:05:36,2024-10-01 18:05:36,2024-10-01 14:05:36
479,479,27,assigned,2024-10-25 20:14:48,2024-10-25 20:14:48,2024-10-25 16:14:48
480,480,27,assigned,2025-01-18 06:25:52,2025-01-18 08:25:52,2025-01-18 04:25:52
481,481,32,delivered,2024-06-20 23:23:16,2024-06-21 02:23:16,2024-06-20 17:23:16
482,482,8,delivered,2024-06-16 00:43:31,2024-06-16 01:43:31,2024-06-15 20:43:31
483,483,39,out for delivery,2024-12-06 18:22:17,2024-12-06 20:22:17,2024-12-06 12:22:17
484,484,3,out for delivery,2025-01-20 04:58:16,2025-01-20 06:58:16,2025-01-20 00:58:16
485,485,42,out for delivery,2025-04-04 22:34:44,2025-04-04 22:34:44,2025-04-04 16:34:44
486,486,16,out for delivery,2025-01-31 22:31:19,2025-02-01 01:31:19,2025-01-31 18:31:19
487,487,46,out for delivery,2024-07-15 23:07:58,2024-07-16 00:07:58,2024-07-15 21:07:58
488,488,21,delivered,2025-02-04 14:00:26,2025-02-04 14:00:26,2025-02-04 10:00:26
489,489,35,out for delivery,2024-12-26 15:31:58,2024-12-26 18:31:58,2024-12-26 09:31:58
490,490,1,delivered,2024-07-21 00:13:07,2024-07-21 01:13:07,2024-07-20 22:13:07
491,491,50,assigned,2024-07-19 16:22:01,2024-07-19 17:22:01,2024-07-19 12:22:01
492,492,26,delivered,2024-08-27 05:32:44,2024-08-27 06:32:44,2024-08-27 02:32:44
493,493,17,assigned,2025-03-13 14:16:32,2025-03-13 17:16:32,2025-03-13 10:16:32
494,494,11,assigned,2024-04-13 07:40:35,2024-04-13 07:40:35,2024-04-13 04:40:35
495,495,6,delivered,2024-07-07 09:44:39,2024-07-07 11:44:39,2024-07-07 03:44:39
496,496,29,assigned,2024-04-19 23:00:34,2024-04-20 02:00:34,2024-04-19 18:00:34
497,497,27,delivered,2024-12-07 11:45:33,2024-12-07 12:45:33,2024-12-07 06:45:33
498,498,3,out for delivery,2025-01-26 04:26:40,2025-01-26 07:26:40,2025-01-26 01:26:40
499,499,48,delivered,2025-02-08 02:27:38,2025-02-08 02:27:38,2025-02-07 20:27:38
500,500,24,assigned,2024-12-14 03:43:43,2024-12-14 04:43:43,2024-12-14 00:43:43
501,501,41,assigned,2025-03-03 16:28:11,2025-03-03 16:28:11,2025-03-03 11:28:11
502,502,38,out for delivery,2024-11-23 20:24:17,2024-11-23 22:24:17,2024-11-23 15:24:17
503,503,11,delivered,2024-08-27 15:18:01,2024-08-27 18:18:01,2024-08-27 13:18:01
504,504,29,delivered,2024-08-26 03:15:25,2024-08-26 03:15:25,2024-08-26 01:15:25
505,505,42,delivered,2025-01-24 10:09:12,2025-01-24 13:09:12,2025-01-24 06:09:12
506,506,20,delivered,2025-03-03 17:22:24,2025-03-03 19:22:24,2025-03-03 14:22:24
507,507,21,assigned,2025-01-21 14:47:05,2025-01-21 14:47:05,2025-01-21 11:47:05
508,508,5,assigned,2025-03-01 05:13:22,2025-03-01 08:13:22,2025-03-01 02:13:22
509,509,31,delivered,2024-09-05 04:49:45,2024-09-05 06:49:45,2024-09-04 23:49:45
510,510,7,assigned,2025-03-13 07:22:08,2025-03-13 10:22:08,2025-03-13 03:22:08
511,511,8,assigned,2024-07-07 11:22:08,2024-07-07 14:22:08,2024-07-07 08:22:08
512,512,4,out for delivery,2024-04-14 19:55:34,2024-04-14 22:55:34,2024-04-14 14:55:34
513,513,18,assigned,2025-04-20 22:21:45,2025-04-21 00:21:45,2025-04-20 18:21:45
514,514,41,assigned,2024-07-17 00:21:56,2024-07-17 02:21:56,2024-07-16 18:21:56
515,515,28,out for delivery,2025-01-02 12:18:02,2025-01-02 14:18:02,2025-01-02 09:18:02
516,516,34,assigned,2024-04-30 05:50:34,2024-04-30 08:50:34,2024-04-29 23:50:34
517,517,48,assigned,2024-05-19 17:09:42,2024-05-19 20:09:42,2024-05-19 14:09:42
518,518,21,delivered,2024-04-15 18:23:29,2024-04-15 21:23:29,2024-04-15 14:23:29
519,519,34,assigned,2025-02-20 18:28:13,2025-02-20 21:28:13,2025-02-20 13:28:13
520,520,3,delivered,2025-03-03 20:20:19,2025-03-03 22:20:19,2025-03-03 14:20:19
521,521,41,assigned,2024-07-07 18:23:13,2024-07-07 20:23:13,2024-07-07 14:23:13
522,522,36,out for delivery,2024-07-01 16:33:35,2024-07-01 19:33:35,2024-07-01 12:33:35
523,523,14,delivered,2024-06-28 22:09:23,2024-06-29 01:09:23,2024-06-28 20:09:23
524,524,46,delivered,2025-02-18 19:19:19,2025-02-18 20:19:19,2025-02-18 15:19:19
525,525,50,assigned,2024-10-01 22:27:39,2024-10-01 22:27:39,2024-10-01 16:27:39
526,526,22,delivered,2025-02-09 20:34:30,2025-02-09 21:34:30,2025-02-09 14:34:30
527,527,18,delivered,2025-02-04 09:56:17,2025-02-04 12:56:17,2025-02-04 05:56:17
528,528,25,assigned,2024-12-06 19:51:29,2024-12-06 19:51:29,2024-12-06 14:51:29
529,529,22,assigned,2025-04-20 09:06:05,2025-04-20 12:06:05,2025-04-20 07:06:05
530,530,32,assigned,2025-02-14 07:30:16,2025-02-14 08:30:16,2025-02-14 03:30:16
531,531,48,assigned,2024-09-10 20:16:56,2024-09-10 20:16:56,2024-09-10 17:16:56
532,532,16,out for delivery,2024-09-14 21:45:54,2024-09-15 00:45:54,2024-09-14 17:45:54
533,533,14,assigned,2024-06-09 03:27:44,2024-06-09 04:27:44,2024-06-09 00:27:44
534,534,50,delivered,2024-06-01 14:20:29,2024-06-01 15:20:29,2024-06-01 08:20:29
535,535,33,delivered,2025-01-29 10:21:24,2025-01-29 10:21:24,2025-01-29 05:21:24
536,536,6,delivered,2025-03-28 10:56:48,2025-03-28 13:56:48,2025-03-28 06:56:48
537,537,47,out for delivery,2024-05-13 19:09:09,2024-05-13 19:09:09,2024-05-13 17:09:09
538,538,19,out for delivery,2024-11-03 13:15:27,2024-11-03 16:15:27,2024-11-03 10:15:27
539,539,19,assigned,2024-10-07 02:20:52,2024-10-07 05:20:52,2024-10-06 20:20:52
540,540,44,out for delivery,2024-07-21 11:22:06,2024-07-21 12:22:06,2024-07-21 07:22:06
541,541,11,out for delivery,2025-04-12 10:33:43,2025-04-12 10:33:43,2025-04-12 04:33:43
542,542,33,delivered,2024-09-16 18:19:50,2024-09-16 21:19:50,2024-09-16 14:19:50
543,543,10,assigned,2024-12-18 06:17:24,2024-12-18 08:17:24,2024-12-18 00:17:24
544,544,20,out for delivery,2024-08-07 12:02:08,2024-08-07 13:02:08,2024-08-07 07:02:08
545,545,25,assigned,2025-01-10 07:14:46,2025-01-10 07:14:46,2025-01-10 04:14:46
546,546,26,delivered,2024-12-07 07:23:33,2024-12-07 09:23:33,2024-12-07 05:23:33
547,547,18,delivered,2024-09-03 03:53:22,2024-09-03 06:53:22,2024-09-02 22:53:22
548,548,50,assigned,2025-03-12 06:52:16,2025-03-12 08:52:16,2025-03-12 01:52:16
549,549,10,delivered,2024-08-13 23:22:04,2024-08-14 00:22:04,2024-08-13 21:22:04
550,550,44,assigned,2024-06-18 10:46:49,2024-06-18 10:46:49,2024-06-18 04:46:49
551,551,2,delivered,2024-09-15 00:17:11,2024-09-15 01:17:11,2024-09-14 22:17:11
552,552,2,assigned,2024-09-11 04:23:28,2024-09-11 06:23:28,2024-09-11 02:23:28
553,553,37,assigned,2024-04-03 10:59:28,2024-04-03 12:59:28,2024-04-03 06:59:28
554,554,50,out for delivery,2024-12-16 10:35:56,2024-12-16 10:35:56,2024-12-16 05:35:56
555,555,31,out for delivery,2024-12-06 06:01:39,2024-12-06 07:01:39,2024-12-06 02:01:39
556,556,14,delivered,2024-07-12 20:56:09,2024-07-12 22:56:09,2024-07-12 14:56:09
557,557,45,delivered,2025-02-06 07:01:03,2025-02-06 09:01:03,2025-02-06 02:01:03
558,558,19,out for delivery,2024-07-31 06:49:48,2024-07-31 07:49:48,2024-07-31 02:49:48
559,559,19,delivered,2025-03-29 03:37:00,2025-03-29 05:37:00,2025-03-28 22:37:00
560,560,12,delivered,2024-09-08 19:34:48,2024-09-08 20:34:48,2024-09-08 14:34:48
561,561,40,delivered,2024-04-06 17:52:50,2024-04-06 19:52:50,2024-04-06 12:52:50
562,562,32,delivered,2024-08-05 23:37:56,2024-08-06 01:37:56,2024-08-05 17:37:56
563,563,36,delivered,2024-09-08 05:15:53,2024-09-08 08:15:53,2024-09-07 23:15:53
564,564,50,assigned,2025-04-10 08:50:21,2025-04-10 10:50:21,2025-04-10 02:50:21
565,565,32,delivered,2025-03-10 08:50:19,2025-03-10 10:50:19,2025-03-10 05:50:19
566,566,26,out for delivery,2025-03-27 18:47:12,2025-03-27 20:47:12,2025-03-27 16:47:12
567,567,16,assigned,2024-11-14 23:07:50,2024-11-14 23:07:50,2024-11-14 17:07:50
568,568,28,assigned,2025-02-07 10:21:13,2025-02-07 12:21:13,2025-02-07 05:21:13
569,569,1,delivered,2024-04-22 09:44:57,2024-04-22 09:44:57,2024-04-22 03:44:57
570,570,11,out for delivery,2025-04-16 22:22:06,2025-04-17 01:22:06,2025-04-16 18:22:06
571,571,28,delivered,2024-07-03 07:23:09,2024-07-03 09:23:09,2024-07-03 02:23:09
572,572,11,delivered,2025-02-12 04:51:38,2025-02-12 05:51:38,2025-02-12 02:51:38
573,573,22,assigned,2025-02-13 06:50:11,2025-02-13 08:50:11,2025-02-13 01:50:11
574,574,15,out for delivery,2024-12-17 08:45:58,2024-12-17 08:45:58,2024-12-17 04:45:58
575,575,30,out for delivery,2025-03-01 17:43:44,2025-03-01 18:43:44,2025-03-01 11:43:44
576,576,1,assigned,2025-01-24 12:48:16,2025-01-24 13:48:16,2025-01-24 06:48:16
577,577,21,delivered,2025-02-17 09:05:18,2025-02-17 09:05:18,2025-02-17 05:05:18
578,578,27,out for delivery,2025-02-06 15:37:46,2025-02-06 18:37:46,2025-02-06 13:37:46
579,579,38,delivered,2024-11-29 09:48:27,2024-11-29 11:48:27,2024-11-29 04:48:27
580,580,26,assigned,2024-08-29 04:44:52,2024-08-29 04:44:52,2024-08-29 01:44:52
581,581,9,out for delivery,2024-12-19 18:52:38,2024-12-19 21:52:38,2024-12-19 16:52:38
582,582,16,out for delivery,2024-10-18 18:12:36,2024-10-18 20:12:36,2024-10-18 15:12:36
583,583,29,delivered,2024-12-28 01:02:11,2024-12-28 03:02:11,2024-12-27 23:02:11
584,584,50,delivered,2024-06-26 08:24:27,2024-06-26 11:24:27,2024-06-26 05:24:27
585,585,1,out for delivery,2024-04-28 12:34:28,2024-04-28 12:34:28,2024-04-28 08:34:28
586,586,49,delivered,2024-12-13 08:12:07,2024-12-13 08:12:07,2024-12-13 02:12:07
587,587,21,out for delivery,2025-04-22 15:51:31,2025-04-22 15:51:31,2025-04-22 10:51:31
588,588,35,delivered,2024-07-16 08:17:29,2024-07-16 09:17:29,2024-07-16 05:17:29
589,589,13,delivered,2025-01-19 15:31:33,2025-01-19 15:31:33,2025-01-19 13:31:33
590,590,43,assigned,2024-04-09 15:29:15,2024-04-09 17:29:15,2024-04-09 12:29:15
591,591,23,out for delivery,2024-08-16 15:50:29,2024-08-16 18:50:29,2024-08-16 09:50:29
592,592,8,assigned,2025-02-13 21:07:23,2025-02-14 00:07:23,2025-02-13 19:07:23
593,593,29,delivered,2024-07-21 02:20:54,2024-07-21 03:20:54,2024-07-20 22:20:54
594,594,12,assigned,2024-09-11 07:00:54,2024-09-11 08:00:54,2024-09-11 04:00:54
595,595,41,delivered,2025-03-15 01:24:58,2025-03-15 01:24:58,2025-03-14 20:24:58
596,596,12,assigned,2025-04-19 08:32:43,2025-04-19 10:32:43,2025-04-19 06:32:43
597,597,15,assigned,2024-04-26 17:01:15,2024-04-26 17:01:15,2024-04-26 12:01:15
598,598,21,out for delivery,2024-08-15 01:43:16,2024-08-15 01:43:16,2024-08-14 19:43:16
599,599,21,assigned,2024-04-05 21:09:38,2024-04-05 22:09:38,2024-04-05 17:09:38
600,600,2,assigned,2024-06-10 00:06:39,2024-06-10 02:06:39,2024-06-09 18:06:39
