OrderItemID,OrderID,ProductID,Quantity,Price
1,280,41,3,2096.88
2,475,89,1,4218.27
3,129,33,3,3748.0
4,322,72,1,2505.29
5,508,53,4,4143.97
6,383,85,4,3697.58
7,416,66,1,4963.46
8,561,131,2,2129.64
9,595,3,4,4531.73
10,511,90,5,341.23
11,400,40,5,4633.43
12,160,130,3,2413.67
13,586,198,1,1157.18
14,57,89,2,503.37
15,532,107,2,458.16
16,408,144,5,3121.91
17,72,54,5,4348.96
18,245,68,1,3594.46
19,265,92,3,2930.72
20,34,158,5,3872.1
21,424,34,2,523.27
22,245,21,5,3302.52
23,422,50,5,3537.6
24,321,64,1,1649.42
25,569,166,4,4292.97
26,199,131,5,3258.93
27,503,15,2,4048.86
28,346,147,5,187.98
29,511,113,3,4708.09
30,331,29,4,3876.2
31,375,64,1,2568.54
32,170,52,1,271.6
33,415,181,5,2950.08
34,335,8,3,2373.72
35,161,34,4,3620.83
36,179,171,5,4242.08
37,441,153,1,2568.44
38,305,149,4,4277.0
39,175,116,1,1857.38
40,86,118,5,2626.98
41,5,5,1,3415.94
42,480,191,1,2040.41
43,170,80,2,4973.2
44,430,127,5,415.46
45,558,7,4,4805.52
46,513,78,3,3256.52
47,353,186,5,3693.19
48,5,147,5,4992.69
49,535,127,5,4933.63
50,210,99,1,1567.04
51,216,123,5,4017.0
52,289,109,5,3087.29
53,528,195,5,2318.43
54,216,4,3,2748.64
55,513,63,4,3247.29
56,473,77,4,1811.92
57,266,118,5,810.14
58,220,11,4,1348.63
59,533,124,2,3754.61
60,33,159,4,2321.44
61,376,73,5,4369.06
62,238,81,3,1678.4
63,143,86,5,795.4
64,465,198,2,2762.63
65,90,115,4,1542.89
66,43,72,1,4916.7
67,566,15,4,870.68
68,248,17,1,2535.85
69,511,10,5,4002.71
70,369,47,4,4785.78
71,271,155,2,3776.41
72,360,159,4,3106.51
73,86,79,5,1844.37
74,431,7,3,1474.37
75,228,143,4,4526.25
76,437,107,3,3551.32
77,556,5,1,3176.51
78,305,200,1,4648.28
79,300,58,5,3358.47
80,255,159,3,2500.65
81,479,176,2,2085.29
82,535,104,5,4605.56
83,556,142,5,4920.26
84,47,125,4,2612.92
85,343,155,5,4884.86
86,274,13,5,844.51
87,35,138,2,1223.88
88,518,113,2,3246.13
89,270,91,1,2936.4
90,410,38,4,1908.17
91,476,12,4,2856.88
92,573,7,5,4935.16
93,128,135,1,3485.97
94,445,169,4,4176.73
95,461,78,3,4190.29
96,319,195,3,4005.11
97,239,33,4,4846.63
98,342,193,4,4549.86
99,1,95,3,3603.51
100,192,159,5,4542.98
101,463,21,1,3884.82
102,100,31,4,2250.3
103,473,51,1,3231.15
104,552,91,5,625.95
105,557,143,4,4613.56
106,493,152,1,2012.91
107,529,145,2,931.85
108,582,113,3,3610.86
109,20,73,3,2590.46
110,347,191,2,867.39
111,367,137,3,1221.68
112,190,119,4,3860.49
113,425,88,5,1036.72
114,324,96,4,350.55
115,558,160,4,3151.54
116,217,199,4,854.88
117,468,85,4,4506.13
118,354,40,3,314.83
119,206,150,5,3761.13
120,120,135,1,2893.65
121,54,146,5,2470.9
122,119,137,5,3241.34
123,340,191,4,2864.84
124,37,197,4,1621.11
125,447,189,2,240.57
126,40,111,2,4182.07
127,377,45,2,4204.28
128,127,20,5,2563.77
129,348,185,5,4141.1
130,424,45,4,2729.22
131,302,169,2,475.77
132,207,199,5,2346.93
133,449,169,5,4916.76
134,568,180,3,2471.93
135,301,8,5,3543.94
136,433,165,5,4689.5
137,355,161,1,1403.73
138,99,26,1,4688.36
139,60,90,2,4351.89
140,360,180,5,531.07
141,289,125,3,678.34
142,436,54,3,2568.03
143,543,81,2,4408.17
144,260,12,4,1566.24
145,509,89,4,4198.3
146,282,125,4,2523.45
147,208,135,2,1659.66
148,555,111,2,1433.06
149,194,141,1,677.13
150,228,125,2,3063.89
151,322,102,2,4276.89
152,574,141,4,3675.1
153,11,168,4,3864.14
154,503,94,3,309.88
155,38,38,5,4852.9
156,576,151,2,977.91
157,474,122,1,4482.4
158,420,10,1,1911.18
159,494,41,5,2182.13
160,420,176,2,4179.42
161,514,11,3,4185.99
162,556,35,4,611.3
163,44,104,5,1156.54
164,471,9,2,2009.67
165,166,139,5,68.75
166,235,169,3,4515.31
167,178,76,4,1995.3
168,264,31,1,2540.88
169,259,178,4,374.1
170,406,152,3,912.57
171,490,179,4,2239.04
172,588,13,4,3191.45
173,341,29,3,563.09
174,210,125,1,458.92
175,385,111,4,2808.33
176,505,194,4,1368.93
177,407,55,1,4107.43
178,314,48,4,1124.55
179,33,166,1,4128.43
180,429,39,5,887.5
181,563,18,2,4865.45
182,55,175,2,4513.22
183,484,195,2,1344.92
184,302,110,1,1791.71
185,86,152,4,3347.03
186,342,9,1,2595.18
187,37,145,4,1194.08
188,356,40,1,1544.31
189,119,160,1,697.54
190,53,184,1,1948.4
191,217,167,2,2980.88
192,554,171,2,978.75
193,255,14,2,1648.23
194,454,121,3,3504.01
195,371,139,5,3368.55
196,121,109,3,3414.87
197,571,106,1,1215.74
198,269,41,3,3616.18
199,35,28,4,2909.61
200,92,155,3,4872.79
201,182,28,2,4781.04
202,135,80,1,3709.5
203,178,110,3,1446.4
204,481,15,1,4182.18
205,353,149,1,742.95
206,112,3,1,1612.49
207,227,119,2,2110.9
208,528,17,2,4223.39
209,510,83,4,522.61
210,264,76,1,1582.15
211,26,191,1,1591.55
212,237,187,3,4701.0
213,232,103,2,3359.49
214,533,149,3,3499.8
215,137,104,5,4107.64
216,178,133,1,104.6
217,32,184,4,844.72
218,353,46,5,2947.11
219,441,127,5,2799.79
220,54,54,1,775.73
221,344,136,2,2508.82
222,544,37,2,776.96
223,439,87,1,3323.67
224,448,51,2,2617.54
225,99,45,4,4828.02
226,431,19,2,4242.83
227,178,116,4,1162.8
228,342,199,1,2316.53
229,230,41,5,2102.77
230,530,109,1,4625.67
231,70,64,2,2332.92
232,67,192,1,1213.58
233,155,8,5,2754.67
234,173,117,4,690.55
235,476,67,3,195.27
236,416,59,2,389.23
237,137,153,4,99.29
238,89,22,4,1641.62
239,198,127,3,4282.78
240,68,157,3,1324.33
241,85,143,4,4401.39
242,333,20,1,4456.99
243,171,150,1,4232.12
244,371,145,4,2470.72
245,75,158,2,3912.1
246,321,156,3,3779.35
247,239,156,2,3998.82
248,180,94,4,2413.49
249,12,65,5,786.38
250,421,85,2,4951.88
251,214,98,2,1791.23
252,65,18,1,4588.34
253,381,183,5,3434.71
254,109,48,4,388.57
255,114,149,1,4391.28
256,214,57,2,94.89
257,251,153,5,2500.4
258,107,183,2,3772.6
259,374,31,2,932.95
260,428,42,1,4258.27
261,325,80,2,3977.43
262,456,134,1,2057.29
263,553,59,4,2304.86
264,333,183,2,2779.86
265,23,152,3,2687.46
266,107,134,2,3047.6
267,473,119,5,4845.55
268,285,1,2,1690.52
269,319,186,2,252.01
270,485,18,1,799.16
271,543,179,1,1405.85
272,402,177,1,4778.04
273,480,17,2,380.04
274,107,68,3,4149.05
275,103,142,4,4859.71
276,137,17,3,1386.17
277,356,133,1,3725.75
278,232,146,4,1152.88
279,334,81,5,880.52
280,534,85,2,2087.77
281,331,184,1,3690.99
282,220,21,1,569.19
283,577,13,4,1945.59
284,319,117,2,1790.59
285,282,4,1,3920.97
286,453,114,5,487.42
287,484,147,3,1863.98
288,50,180,2,2903.74
289,555,194,2,2148.73
290,526,14,5,464.29
291,124,12,3,1156.74
292,412,6,4,3986.18
293,532,57,3,767.26
294,542,75,3,4840.49
295,138,8,2,1898.07
296,392,7,3,4863.97
297,165,138,3,2737.33
298,250,122,1,3367.4
299,460,189,2,2290.15
300,88,45,3,1448.32
301,96,68,1,1660.2
302,276,34,3,619.65
303,268,16,3,3043.11
304,438,75,2,4044.51
305,279,195,2,1257.69
306,536,193,4,1031.79
307,299,176,1,1725.73
308,439,16,5,989.57
309,183,32,4,1148.15
310,379,181,4,203.25
311,485,70,4,2474.11
312,453,77,2,1653.52
313,11,60,1,2362.25
314,27,15,1,1958.26
315,31,79,4,4706.11
316,398,200,4,2081.24
317,11,176,4,4162.93
318,322,190,2,286.97
319,185,104,3,2295.01
320,530,62,3,591.9
321,83,19,1,2756.0
322,322,113,5,4525.33
323,122,154,2,1999.35
324,418,16,3,3070.41
325,575,191,4,1827.24
326,273,150,1,2416.97
327,4,123,1,4894.25
328,50,124,5,1742.92
329,538,63,2,1865.2
330,298,43,4,3123.02
331,468,152,4,3518.27
332,169,37,2,1839.05
333,339,186,4,2847.94
334,495,39,2,1204.58
335,482,21,2,2721.82
336,65,26,2,4725.86
337,500,13,3,1827.2
338,233,93,4,3474.21
339,48,151,3,3103.3
340,503,79,3,1918.72
341,577,23,3,3975.51
342,78,156,5,296.04
343,588,8,2,1100.08
344,112,150,4,1575.08
345,243,12,5,4457.5
346,438,194,5,2484.44
347,336,73,1,4603.69
348,79,47,4,2146.55
349,51,178,3,2648.6
350,299,5,3,4068.51
351,476,167,5,4459.59
352,268,81,3,4263.48
353,392,140,2,901.11
354,431,42,3,4416.02
355,159,22,5,433.71
356,32,104,1,1981.88
357,168,41,3,526.61
358,140,49,1,2518.81
359,377,104,5,1575.51
360,324,3,2,429.29
361,99,106,4,827.66
362,422,140,3,1344.77
363,470,44,5,2398.05
364,210,84,3,649.55
365,586,80,4,2400.96
366,490,194,5,3660.75
367,473,45,4,4654.2
368,40,3,3,4529.07
369,158,115,5,1514.62
370,72,63,1,4199.48
371,114,3,3,1645.26
372,299,4,1,97.52
373,561,180,3,4918.05
374,49,62,1,1560.11
375,523,76,5,1555.19
376,70,11,4,2500.46
377,173,34,5,2232.18
378,219,53,5,2002.97
379,235,84,4,4762.79
380,409,169,1,3715.34
381,483,18,4,806.37
382,41,51,4,3091.4
383,24,123,5,3570.59
384,50,171,3,4505.41
385,224,19,3,1287.84
386,331,200,2,4691.37
387,105,110,4,945.57
388,367,168,3,455.86
389,102,174,1,1928.2
390,211,74,1,276.84
391,305,21,3,2668.08
392,491,135,2,531.13
393,115,37,5,2042.96
394,553,109,2,1932.33
395,390,30,2,734.83
396,82,15,2,3324.02
397,147,193,3,947.84
398,135,3,3,603.98
399,496,21,5,4683.13
400,372,29,4,3599.61
401,600,129,3,110.35
402,463,157,2,1210.58
403,250,101,4,1864.6
404,485,71,5,4688.11
405,552,78,4,2709.79
406,388,40,4,4893.07
407,2,155,2,2939.79
408,82,31,2,683.89
409,208,61,5,4203.05
410,159,138,1,4729.29
411,304,139,2,1555.3
412,509,101,4,2672.34
413,320,93,4,412.28
414,561,164,1,3861.64
415,429,12,2,2341.95
416,393,69,2,2725.23
417,301,137,1,3802.73
418,242,61,5,399.75
419,267,26,1,3063.92
420,513,113,4,4663.18
421,436,184,1,4706.55
422,496,6,2,308.08
423,4,94,3,2065.53
424,591,53,4,2032.13
425,33,157,4,687.53
426,519,40,4,2027.73
427,316,123,4,505.41
428,130,50,4,3413.94
429,131,120,5,1384.19
430,145,12,2,1144.71
431,123,189,1,3780.81
432,541,91,2,2609.28
433,372,83,3,588.39
434,145,66,5,4203.18
435,144,12,3,620.47
436,80,195,2,4243.86
437,577,167,5,834.67
438,236,136,1,4935.85
439,333,173,5,1256.39
440,137,65,1,1646.45
441,167,99,1,2407.39
442,52,146,4,602.78
443,215,36,5,4080.63
444,389,51,2,455.36
445,52,89,3,4999.11
446,211,138,2,2629.98
447,89,121,4,1227.93
448,599,122,3,3743.21
449,393,56,3,3213.07
450,216,172,4,1860.76
451,569,47,3,1225.47
452,391,75,4,1969.13
453,281,17,3,331.23
454,32,190,4,2988.87
455,263,16,5,4853.41
456,378,102,1,338.73
457,382,89,3,4052.14
458,16,136,3,4782.75
459,584,170,2,1428.22
460,304,165,2,1820.93
461,217,127,1,3507.1
462,8,15,1,352.81
463,52,178,5,3685.43
464,540,199,4,4972.97
465,223,64,3,169.27
466,42,19,2,3453.22
467,215,43,2,316.67
468,129,133,1,4900.86
469,108,72,3,2382.9
470,96,179,5,781.21
471,578,32,1,1505.0
472,108,63,5,762.12
473,454,46,3,1253.25
474,319,96,2,2273.5
475,112,131,3,3529.68
476,61,200,3,1381.65
477,233,170,4,2768.25
478,453,157,5,3345.54
479,415,73,5,4202.91
480,292,95,3,1833.17
481,424,75,5,4132.96
482,499,166,3,4331.56
483,420,148,1,2788.23
484,361,144,2,4370.0
485,464,7,1,571.27
486,369,61,4,1092.69
487,133,194,5,2408.27
488,548,200,1,4520.4
489,237,172,4,1805.09
490,482,45,5,646.11
491,461,41,2,2312.89
492,220,103,1,1735.18
493,394,94,1,2947.7
494,598,8,2,4693.29
495,421,53,4,4201.94
496,366,141,5,4794.49
497,38,29,5,1501.13
498,203,76,5,3935.17
499,552,31,4,3874.41
500,133,55,3,1556.62
501,92,46,2,2329.03
502,371,68,5,419.6
503,130,103,2,181.62
504,178,90,3,2832.0
505,403,23,4,3790.81
506,2,97,4,2860.55
507,413,26,5,1095.93
508,379,111,3,186.35
509,216,155,2,3810.25
510,139,31,3,247.31
511,424,20,2,3458.14
512,199,158,1,2844.73
513,57,187,5,4535.01
514,363,161,4,2043.88
515,261,147,2,3331.43
516,43,61,2,1383.19
517,473,84,3,3186.35
518,453,11,1,901.76
519,485,175,2,1586.47
520,529,47,4,1586.76
521,521,56,3,2046.03
522,242,76,2,1020.82
523,203,189,5,871.04
524,320,67,3,725.7
525,407,183,4,988.03
526,445,61,3,2996.65
527,535,12,2,4799.62
528,235,141,3,418.91
529,166,134,1,359.31
530,262,69,5,3034.84
531,348,129,5,2957.27
532,233,156,2,4223.43
533,88,44,5,2905.68
534,586,3,1,2812.22
535,587,182,3,2680.14
536,157,167,5,2487.57
537,136,119,1,2546.84
538,8,97,5,2951.46
539,399,150,5,4655.7
540,520,158,3,2654.68
541,461,17,5,3306.16
542,441,120,1,4432.57
543,420,185,3,4769.36
544,232,106,4,4243.18
545,417,132,1,4053.72
546,48,134,3,814.29
547,304,148,1,1541.01
548,211,72,5,445.92
549,432,114,2,4941.6
550,513,45,4,1131.46
551,584,171,2,4360.39
552,376,171,3,3165.15
553,507,197,1,4974.85
554,528,42,5,1156.26
555,346,83,3,3574.55
556,265,175,3,2751.2
557,390,152,5,4647.14
558,438,126,2,2011.87
559,423,28,1,4809.39
560,15,190,1,3972.09
561,385,156,2,529.96
562,427,169,1,4074.91
563,329,126,5,53.87
564,246,11,4,1250.28
565,176,158,1,1219.21
566,87,176,3,4957.97
567,109,194,1,782.19
568,534,83,5,4526.72
569,526,59,1,2975.56
570,415,97,1,1199.79
571,29,22,5,2509.99
572,206,24,3,4774.4
573,250,47,3,3884.96
574,136,132,2,3595.54
575,164,32,5,4605.18
576,86,193,4,423.24
577,399,56,3,4121.13
578,116,29,5,2212.9
579,470,7,5,397.14
580,349,86,3,3983.78
581,275,156,5,4936.49
582,49,30,5,4817.26
583,81,149,2,2355.87
584,348,101,5,98.46
585,251,101,2,4842.36
586,179,19,1,1386.18
587,169,20,5,3336.4
588,63,40,4,2941.35
589,507,29,2,319.79
590,221,148,3,3858.29
591,271,11,3,2542.12
592,225,101,4,1221.62
593,302,161,5,4205.71
594,520,98,3,726.26
595,270,117,2,4221.52
596,79,9,5,3392.73
597,580,43,1,849.83
598,161,24,3,1021.62
599,455,103,2,1333.96
600,526,96,2,784.55
601,423,57,4,4967.79
602,318,91,4,4551.7
603,493,7,3,749.68
604,503,99,5,3150.31
605,148,156,3,284.0
606,533,21,4,3600.28
607,321,180,2,3543.61
608,296,93,4,3189.39
609,296,136,1,2038.38
610,540,151,5,2684.57
611,496,185,4,4162.99
612,206,196,5,4930.53
613,327,15,3,4827.78
614,186,50,5,2973.03
615,502,39,4,420.22
616,362,58,4,3068.03
617,240,100,3,4927.03
618,157,85,4,1073.55
619,219,136,3,396.14
620,553,76,5,3966.93
621,471,25,3,2223.18
622,20,151,3,1920.76
623,104,84,4,81.1
624,55,159,5,4879.06
625,5,136,4,557.76
626,355,91,4,1531.83
627,199,193,3,1554.59
628,371,85,2,2034.34
629,14,44,2,57.99
630,449,70,2,1424.79
631,291,50,1,146.64
632,404,101,3,1994.26
633,501,124,2,2933.94
634,97,55,4,530.37
635,293,158,5,2862.44
636,433,123,5,4618.35
637,519,47,2,3581.22
638,68,172,3,382.05
639,276,25,4,4628.07
640,484,105,3,1052.35
641,521,139,1,573.03
642,335,21,2,2042.45
643,287,41,3,1928.01
644,295,161,5,3252.44
645,12,155,1,4196.22
646,201,151,5,3093.83
647,138,180,1,997.97
648,37,147,3,3870.3
649,591,147,5,340.63
650,149,196,4,463.37
651,474,71,1,1114.46
652,338,139,3,2480.69
653,192,121,1,859.57
654,383,126,2,186.35
655,510,17,2,71.86
656,245,54,5,4198.15
657,439,59,3,524.34
658,555,94,3,4963.14
659,106,169,5,2827.23
660,207,132,5,362.82
661,505,10,4,3419.18
662,265,53,1,143.94
663,43,185,4,805.51
664,164,15,4,2139.33
665,30,82,5,590.51
666,448,57,1,4240.93
667,373,1,1,2314.01
668,50,21,5,2509.43
669,280,17,4,4377.08
670,411,94,4,674.42
671,17,18,2,3277.2
672,411,68,5,2465.46
673,335,45,3,3895.98
674,531,116,5,1951.34
675,188,27,5,4774.26
676,43,168,3,4768.27
677,172,4,3,4343.08
678,225,27,3,3777.53
679,164,31,5,4384.76
680,35,45,4,3234.04
681,517,142,2,1512.96
682,184,83,5,3652.85
683,272,74,2,1116.58
684,598,164,4,256.8
685,56,13,4,4867.04
686,433,43,5,4648.09
687,522,186,4,3231.92
688,499,100,5,2958.8
689,382,1,3,2770.35
690,596,173,1,324.42
691,338,38,2,3360.38
692,19,53,3,1786.97
693,330,97,2,3393.22
694,476,49,3,1093.65
695,498,53,1,2532.89
696,564,142,2,3076.11
697,112,149,5,4489.42
698,396,160,1,2345.37
699,107,159,5,3017.39
700,202,75,1,2024.21
701,454,119,2,4016.24
702,563,25,4,4783.35
703,385,179,2,3952.83
704,259,42,3,3527.1
705,233,67,4,3979.42
706,498,17,5,4009.13
707,39,119,2,893.44
708,600,33,5,3824.52
709,51,167,3,2439.39
710,164,1,5,2285.02
711,39,140,5,1340.82
712,562,61,4,1042.15
713,232,41,3,714.19
714,98,2,1,4519.45
715,595,32,1,3586.3
716,575,110,3,788.19
717,190,188,3,1713.21
718,42,104,3,1613.93
719,571,35,2,3281.66
720,106,25,1,4163.88
721,508,196,4,1590.19
722,258,28,1,1735.13
723,84,182,3,2495.07
724,545,121,1,2921.36
725,247,154,1,1377.64
726,501,59,3,3932.63
727,299,43,3,2516.47
728,285,35,1,4907.02
729,92,103,2,1815.79
730,187,119,5,3459.83
731,372,113,3,4575.98
732,102,191,2,4387.46
733,41,180,5,4508.12
734,290,58,2,451.49
735,26,164,3,4550.4
736,220,96,5,303.7
737,402,134,2,453.73
738,593,76,4,2531.75
739,146,126,3,3078.65
740,67,73,2,2856.83
741,48,4,4,1334.64
742,215,109,2,4417.39
743,123,19,3,2189.09
744,311,59,4,895.15
745,338,171,5,4836.09
746,115,156,1,2228.25
747,366,109,3,3553.32
748,453,68,1,4856.16
749,49,82,3,2611.56
750,57,118,2,2845.01
751,207,109,1,4109.56
752,328,43,5,2718.11
753,412,134,1,618.88
754,177,6,4,2237.56
755,147,84,4,1652.69
756,70,155,3,2836.26
757,532,3,4,2720.9
758,58,3,3,4564.72
759,61,89,1,4339.83
760,165,118,5,2397.58
761,345,113,3,1524.45
762,336,186,2,4697.43
763,584,21,1,1972.45
764,64,61,2,2090.92
765,298,148,1,2254.75
766,266,68,4,3271.35
767,123,110,1,494.72
768,534,38,4,1005.95
769,577,92,1,3122.9
770,585,69,2,1790.37
771,233,59,5,1666.99
772,396,26,2,4010.74
773,532,26,3,4432.25
774,93,67,5,434.47
775,215,69,2,3128.65
776,412,57,2,1120.93
777,140,152,4,3706.42
778,314,180,1,2469.34
779,461,2,3,2314.77
780,57,170,4,1819.93
781,32,74,1,4460.94
782,439,72,1,3666.03
783,562,11,4,4775.79
784,359,76,1,3851.72
785,43,8,3,932.56
786,500,5,1,1833.78
787,471,18,5,864.62
788,99,169,2,4074.31
789,150,156,3,675.38
790,45,106,2,3373.1
791,224,112,3,3589.53
792,112,16,2,238.15
793,24,106,3,1719.96
794,322,78,2,3338.36
795,132,147,4,959.95
796,127,130,3,4648.64
797,488,194,3,4456.79
798,328,131,1,3492.29
799,223,103,3,413.99
800,394,171,4,2126.2
801,3,8,2,4698.89
802,235,5,2,2554.85
803,409,190,4,1347.29
804,468,198,1,1049.9
805,287,86,3,3498.77
806,416,184,2,3167.81
807,311,172,5,1775.1
808,196,153,2,2255.89
809,596,127,4,1845.38
810,543,118,4,741.19
811,430,106,5,3188.33
812,311,171,2,2104.1
813,600,154,1,2722.04
814,304,115,1,252.89
815,586,121,3,3152.57
816,575,77,5,3286.39
817,540,102,2,812.16
818,64,180,5,1867.69
819,345,168,2,4750.5
820,553,195,2,1079.05
821,28,113,1,2824.4
822,514,6,1,3973.32
823,31,189,1,1428.81
824,531,157,3,448.8
825,374,117,4,1577.49
826,195,187,2,4538.06
827,55,68,5,1097.92
828,463,192,3,3127.13
829,156,173,1,1394.94
830,568,193,3,1866.28
831,21,21,3,2954.6
832,351,160,1,4384.38
833,579,26,1,3422.1
834,450,122,1,485.65
835,119,193,5,4302.7
836,90,150,2,1336.18
837,68,160,1,50.02
838,82,77,1,3932.65
839,340,2,5,3004.44
840,600,185,5,2290.83
841,461,10,4,490.29
842,539,89,4,4492.73
843,74,114,1,602.02
844,420,41,3,2846.13
845,182,82,2,918.41
846,370,63,4,3189.62
847,488,141,5,1945.22
848,28,39,3,3088.52
849,391,110,5,4308.34
850,372,144,4,4945.91
851,439,62,2,1766.92
852,130,88,2,4634.5
853,533,100,2,2995.7
854,458,79,3,4085.58
855,314,104,1,4349.19
856,221,19,4,3676.75
857,514,114,1,220.57
858,342,40,2,951.74
859,413,169,3,1219.15
860,193,96,3,4885.46
861,383,135,5,3131.05
862,195,157,3,3414.63
863,486,158,4,463.06
864,394,1,1,3010.33
865,138,183,1,4438.65
866,571,5,1,1748.13
867,85,37,4,4291.69
868,353,129,3,508.14
869,161,26,5,4163.91
870,346,27,5,523.73
871,474,78,3,1730.87
872,470,4,1,1421.7
873,254,108,2,93.77
874,440,18,5,3827.76
875,240,159,4,4999.73
876,575,76,3,4827.1
877,446,91,5,2854.3
878,189,12,5,822.3
879,28,59,1,499.69
880,590,97,5,4944.76
881,100,160,3,3884.55
882,322,67,2,4355.87
883,258,87,3,2900.57
884,451,141,4,2728.73
885,152,91,5,411.9
886,210,20,2,198.64
887,90,125,2,4105.9
888,454,182,4,285.94
889,408,65,1,2208.74
890,164,58,2,2212.88
891,205,192,4,417.17
892,37,150,1,1051.71
893,480,144,5,1636.92
894,289,197,4,1188.66
895,524,100,1,4837.44
896,197,84,4,3927.75
897,533,14,2,4027.67
898,312,120,4,4053.46
899,335,95,3,3883.03
900,247,99,4,1871.02
901,391,162,1,2660.61
902,544,37,2,2653.51
903,181,137,4,4124.13
904,365,99,1,851.31
905,47,173,2,3528.06
906,556,170,5,1459.19
907,328,22,5,4319.93
908,592,180,3,3722.11
909,185,171,4,766.1
910,279,160,5,4247.44
911,300,65,1,2864.31
912,364,115,1,939.74
913,302,166,4,4218.72
914,510,179,3,2010.03
915,55,199,4,3033.92
916,434,75,3,1280.97
917,196,71,4,749.73
918,6,152,3,1581.6
919,145,6,4,1724.94
920,19,92,4,1378.99
921,1,167,1,3538.14
922,9,71,4,1489.02
923,227,177,5,4273.5
924,588,21,5,4653.02
925,220,94,4,2308.99
926,472,8,5,505.36
927,56,57,5,2340.5
928,59,192,2,3096.41
929,273,90,3,2608.81
930,223,101,2,1319.41
931,168,103,2,3553.13
932,455,54,3,3618.3
933,472,167,4,2058.47
934,409,28,4,3083.51
935,568,5,1,1177.3
936,465,130,1,2888.79
937,104,175,2,3644.0
938,316,11,1,684.56
939,350,178,5,1366.34
940,374,170,5,4239.13
941,55,189,2,53.46
942,407,14,2,1865.94
943,450,185,2,171.47
944,387,105,4,2785.87
945,366,166,2,2594.45
946,386,103,2,519.61
947,131,99,1,1667.73
948,555,148,2,1371.55
949,19,50,2,765.18
950,356,46,1,750.27
951,164,199,4,3381.08
952,72,144,3,4985.19
953,7,101,1,4119.53
954,323,163,5,1128.7
955,573,87,4,1652.68
956,228,90,3,2866.98
957,285,144,5,1257.64
958,97,145,5,645.9
959,398,182,1,963.56
960,560,16,4,1106.9
961,327,130,2,3554.13
962,270,91,3,4617.41
963,445,39,3,910.5
964,599,130,5,4094.05
965,211,128,5,4462.34
966,326,135,3,1111.21
967,58,119,5,2300.96
968,467,60,4,3759.34
969,388,152,2,4046.99
970,182,70,5,3514.42
971,281,161,4,1942.47
972,340,75,4,3243.56
973,352,93,2,2607.78
974,382,118,4,3736.45
975,68,97,3,1270.61
976,72,40,1,4137.59
977,515,181,5,3702.95
978,54,165,5,1792.86
979,169,178,4,875.18
980,388,102,3,3464.14
981,213,196,5,2402.8
982,533,53,2,2461.12
983,58,75,1,1143.66
984,341,112,4,1397.12
985,38,174,1,4932.08
986,406,155,2,2851.06
987,566,45,4,3212.79
988,289,40,5,1094.48
989,497,127,3,2347.17
990,383,7,2,2486.92
991,364,15,4,4428.1
992,468,111,1,1146.48
993,93,135,1,2877.19
994,74,40,1,2163.52
995,256,152,5,3714.95
996,542,145,1,230.22
997,456,113,5,3778.26
998,356,179,5,1839.8
999,545,194,4,667.5
1000,42,104,3,570.74
1001,135,58,1,1437.01
1002,196,178,4,3446.05
1003,33,65,3,1054.62
1004,537,86,5,102.15
1005,225,181,2,2924.26
1006,75,199,1,1595.15
1007,248,154,5,1351.09
1008,211,150,3,3613.59
1009,28,63,4,4273.78
1010,316,113,5,1709.82
1011,17,93,1,3454.54
1012,345,192,4,4193.43
1013,146,45,4,1771.87
1014,13,69,2,3339.83
1015,596,100,1,4556.63
1016,200,81,5,4399.3
1017,411,98,3,4898.83
1018,246,16,2,1652.31
1019,261,84,5,1098.76
1020,489,66,5,2673.12
1021,306,174,3,1760.95
1022,513,94,2,732.66
1023,266,95,5,160.2
1024,523,5,5,3942.84
1025,423,15,2,735.5
1026,312,119,5,779.92
1027,146,160,5,602.51
1028,545,20,1,3020.29
1029,82,107,4,3187.25
1030,252,153,5,3714.92
1031,547,19,5,3799.59
1032,580,151,2,2006.65
1033,298,171,2,2865.85
1034,269,114,4,1531.27
1035,382,15,3,3880.03
1036,45,41,3,4230.3
1037,440,94,4,4362.49
1038,567,177,2,3299.57
1039,489,159,2,2922.57
1040,55,98,4,2135.4
1041,443,68,4,638.68
1042,244,81,4,628.81
1043,82,24,1,2731.11
1044,314,187,2,3744.36
1045,293,97,3,2750.31
1046,402,79,2,3089.45
1047,322,113,1,799.97
1048,168,174,4,3244.91
1049,7,46,1,4423.14
1050,535,9,3,4743.91
1051,543,196,1,3275.42
1052,494,181,3,3991.11
1053,505,91,4,1605.38
1054,68,65,1,2302.23
1055,296,50,3,925.77
1056,546,48,5,2089.82
1057,339,164,3,4655.35
1058,71,107,2,914.01
1059,161,193,3,4185.87
1060,98,181,2,396.8
1061,123,32,5,3502.7
1062,472,109,3,438.83
1063,450,154,2,4289.36
1064,162,115,4,2080.3
1065,586,27,5,613.86
1066,508,121,1,1369.2
1067,355,79,4,4418.69
1068,356,182,2,3335.76
1069,570,136,3,446.76
1070,45,28,3,4079.96
1071,523,34,3,2244.82
1072,521,155,2,1779.51
1073,563,105,5,1861.16
1074,478,57,1,1846.75
1075,591,98,3,992.99
1076,142,109,1,2434.68
1077,528,55,4,348.61
1078,115,78,3,4202.81
1079,246,120,4,1600.06
1080,11,61,4,1463.75
1081,528,40,2,4233.8
1082,585,156,1,3761.75
1083,322,121,5,3067.91
1084,60,121,1,3266.99
1085,78,88,5,1201.16
1086,347,192,2,2419.0
1087,598,164,5,1618.57
1088,173,77,3,3731.05
1089,475,90,4,3727.62
1090,54,9,3,344.91
1091,366,181,4,2616.58
1092,49,45,3,928.78
1093,169,39,4,2569.69
1094,18,177,1,1368.0
1095,208,70,5,2016.11
1096,77,49,2,3576.1
1097,452,115,3,4697.15
1098,434,93,5,1203.11
1099,213,195,1,3682.76
1100,247,183,3,1854.67
1101,286,106,1,1484.13
1102,115,107,5,1528.36
1103,162,97,1,1533.68
1104,153,35,2,4575.89
1105,102,96,1,85.22
1106,331,158,2,865.8
1107,391,176,5,841.45
1108,507,145,1,1579.53
1109,458,110,3,3473.64
1110,28,96,2,4974.2
1111,371,6,3,736.84
1112,60,85,2,493.84
1113,231,155,3,3854.38
1114,261,107,2,923.23
1115,98,25,5,4941.06
1116,149,165,1,307.17
1117,279,95,5,4016.65
1118,247,75,2,4993.46
1119,308,161,5,3439.7
1120,112,147,5,3889.4
1121,414,9,3,2538.8
1122,200,166,1,3442.02
1123,580,175,2,2355.24
1124,303,173,5,589.82
1125,120,25,5,1189.15
1126,234,85,2,1280.6
1127,587,147,2,1289.56
1128,317,120,3,1647.72
1129,547,6,5,2046.55
1130,112,109,5,4641.94
1131,29,126,3,1031.55
1132,264,46,5,2120.47
1133,474,87,2,2801.72
1134,233,49,5,903.33
1135,597,62,4,1824.72
1136,21,183,1,4131.1
1137,237,73,5,1731.47
1138,52,153,2,1615.84
1139,254,189,4,3006.14
1140,417,34,3,2137.61
1141,150,32,3,1581.52
1142,457,156,1,933.44
1143,493,190,5,2007.37
1144,8,35,1,4393.36
1145,132,94,4,2925.21
1146,268,165,2,3759.36
1147,360,92,4,2773.38
1148,160,131,3,1363.65
1149,470,144,1,3482.09
1150,29,104,5,953.45
1151,213,135,5,1137.76
1152,173,158,2,3344.89
1153,111,166,4,1554.85
1154,74,20,3,3937.35
1155,337,168,4,4457.46
1156,342,90,1,4958.95
1157,576,143,5,1557.74
1158,276,123,2,3036.42
1159,468,42,4,3669.71
1160,152,121,2,1182.09
1161,452,105,2,3062.45
1162,597,23,1,1911.18
1163,384,146,5,3710.25
1164,521,177,2,3882.56
1165,180,89,2,3913.25
1166,65,200,4,505.19
1167,40,4,2,4199.8
1168,301,189,1,1928.45
1169,414,95,2,3043.83
1170,452,19,3,3334.32
1171,525,59,2,4844.0
1172,354,68,1,681.24
1173,72,36,4,3959.62
1174,183,128,3,538.12
1175,221,164,2,4830.81
1176,557,35,4,1048.74
1177,188,106,1,1146.69
1178,436,91,2,4200.76
1179,442,186,3,792.67
1180,522,179,5,4829.56
1181,314,26,3,2375.38
1182,365,166,1,177.73
1183,73,137,4,3762.03
1184,387,155,3,3319.26
1185,373,115,2,3154.35
1186,301,9,1,1538.25
1187,306,35,3,3050.51
1188,393,160,4,2329.75
1189,325,119,3,1560.83
1190,323,189,1,571.38
1191,519,128,1,4253.19
1192,266,111,4,1956.32
1193,243,8,1,520.06
1194,353,132,1,836.58
1195,284,68,1,4185.19
1196,167,18,3,797.14
1197,364,47,3,2796.91
1198,209,144,1,4439.34
1199,216,26,4,2597.58
1200,145,80,2,4816.7
1201,446,157,3,1966.89
1202,234,176,3,2261.3
1203,152,143,1,91.39
1204,161,171,4,2799.69
1205,483,123,3,1578.82
1206,491,134,1,3955.68
1207,231,180,1,3844.22
1208,387,114,2,4627.72
1209,396,164,1,3360.13
1210,164,77,1,4424.94
1211,366,166,2,4521.79
1212,561,45,5,1495.23
1213,237,179,5,4659.95
1214,121,53,3,2812.67
1215,578,171,2,2069.24
1216,471,74,3,1331.37
1217,465,187,5,4619.59
1218,185,118,4,4360.81
1219,487,191,5,2733.34
1220,318,197,1,1257.56
1221,545,132,2,4147.33
1222,235,7,5,2496.04
1223,311,85,4,2397.43
1224,299,181,2,101.79
1225,578,87,4,3483.97
1226,397,164,2,970.4
1227,39,184,5,608.03
1228,195,145,4,3203.5
1229,331,105,1,2873.07
1230,421,133,3,4890.17
1231,354,97,5,2040.2
1232,289,162,2,3136.8
1233,321,133,2,2902.03
1234,431,41,4,4603.25
1235,294,47,4,4224.81
1236,565,69,3,409.5
1237,456,5,5,361.0
1238,319,113,2,3327.59
1239,68,103,5,696.3
1240,340,179,5,1662.73
1241,66,30,2,3795.01
1242,521,89,3,1079.76
1243,437,153,5,1187.89
1244,360,126,3,1348.03
1245,154,109,3,3142.96
1246,156,115,3,3110.37
1247,438,193,5,4839.73
1248,283,100,1,4354.03
1249,418,17,1,1689.81
1250,405,115,3,2925.77
1251,401,198,3,4204.1
1252,272,91,5,326.2
1253,253,148,4,3276.51
1254,299,37,5,792.28
1255,204,120,4,1107.75
1256,583,117,2,3829.76
1257,213,139,1,3137.08
1258,467,112,2,77.57
1259,337,36,5,2084.77
1260,133,141,4,996.48
1261,327,88,5,4441.68
1262,334,184,4,1667.99
1263,197,77,1,3604.81
1264,549,176,4,3766.74
1265,344,56,5,667.61
1266,423,182,3,2189.86
1267,278,2,2,2968.57
1268,121,69,2,983.45
1269,274,48,1,1820.02
1270,73,99,5,1327.24
1271,53,179,1,2335.61
1272,157,26,3,1373.93
1273,34,63,3,198.27
1274,298,185,4,2845.6
1275,336,195,2,1386.87
1276,17,144,5,1158.06
1277,432,29,1,3048.99
1278,461,103,3,2179.32
1279,501,188,3,1312.38
1280,550,162,1,1640.18
1281,37,50,4,1861.7
1282,73,73,4,4882.47
1283,19,57,2,2533.17
1284,12,112,4,2049.47
1285,160,32,5,4879.19
1286,471,27,4,4686.66
1287,271,35,1,340.58
1288,129,107,2,1551.42
1289,54,149,1,2222.07
1290,380,129,2,1976.22
1291,401,54,4,1426.28
1292,450,104,4,2616.72
1293,236,152,4,1942.53
1294,490,134,3,2604.08
1295,58,115,4,4120.33
1296,470,81,4,3653.72
1297,354,79,5,2062.08
1298,511,78,5,900.8
1299,107,36,2,2584.83
1300,420,51,2,2892.36
1301,42,91,5,4328.7
1302,174,119,3,1072.28
1303,212,195,1,222.8
1304,30,199,4,2205.19
1305,528,188,2,4236.4
1306,590,60,4,4421.14
1307,242,193,1,4478.26
1308,592,121,2,2711.48
1309,414,81,4,4480.23
1310,115,72,4,1912.84
1311,63,174,3,1968.13
1312,269,175,3,4306.42
1313,281,75,2,3944.66
1314,166,39,4,1562.0
1315,386,73,5,1435.15
1316,429,161,2,1026.26
1317,336,26,2,3314.73
1318,336,40,3,1469.0
1319,83,33,4,4463.45
1320,368,95,1,2642.53
1321,318,68,4,4947.4
1322,428,176,2,4000.78
1323,597,70,5,1382.32
1324,424,127,2,2553.37
1325,196,7,2,1439.93
1326,230,192,3,3783.27
1327,203,31,2,591.6
1328,159,165,2,1923.17
1329,319,95,2,3360.49
1330,420,139,1,3511.02
1331,70,159,1,4444.11
1332,405,69,1,2493.51
1333,533,86,4,1388.35
1334,408,59,5,2189.21
1335,75,99,3,3378.58
1336,385,182,2,1466.78
1337,75,175,3,4332.75
1338,598,167,4,2501.87
1339,78,155,1,936.17
1340,572,187,4,755.93
1341,561,105,3,4129.39
1342,87,161,2,2845.67
1343,359,130,3,4516.09
1344,124,114,5,477.21
1345,168,12,2,2560.64
1346,308,58,4,4984.71
1347,232,171,1,2295.31
1348,39,5,5,3191.76
1349,375,96,4,2348.14
1350,529,50,5,370.09
1351,156,128,4,2008.51
1352,94,168,3,1172.51
1353,81,95,5,1813.23
1354,340,182,5,1199.36
1355,514,97,3,189.25
1356,492,93,4,3142.38
1357,476,144,1,4490.14
1358,506,80,4,1266.74
1359,286,163,2,1329.55
1360,269,36,5,2021.51
1361,526,36,5,2378.74
1362,455,101,3,1181.88
1363,180,47,4,4429.22
1364,529,149,3,3455.09
1365,108,149,2,3231.72
1366,43,14,2,2158.85
1367,308,176,3,3295.46
1368,382,82,3,794.12
1369,249,117,4,3488.62
1370,193,162,5,2600.46
1371,311,134,3,1013.88
1372,510,128,3,892.0
1373,598,44,3,3730.25
1374,292,97,3,3778.06
1375,580,29,5,4565.52
1376,529,121,4,3132.54
1377,410,78,5,372.92
1378,523,116,4,4206.76
1379,523,162,3,1786.33
1380,114,52,2,1467.91
1381,464,28,2,4607.67
1382,292,58,2,4957.04
1383,111,126,4,3903.23
1384,76,32,5,3923.62
1385,83,167,2,1388.01
1386,271,157,5,2957.13
1387,371,57,3,327.03
1388,245,156,3,4549.5
1389,379,7,3,2382.64
1390,168,97,1,4446.0
1391,317,8,3,956.31
1392,233,156,1,2949.02
1393,12,74,2,646.44
1394,360,4,3,92.46
1395,527,98,2,727.16
1396,57,23,1,1610.73
1397,456,34,5,4205.49
1398,75,95,5,1684.97
1399,288,62,1,1345.27
1400,277,154,1,4511.42
1401,9,88,2,4983.48
1402,208,129,5,1997.02
1403,61,137,4,2413.8
1404,485,79,2,3825.03
1405,127,63,1,182.45
1406,289,57,4,3602.39
1407,394,187,3,3926.17
1408,275,121,1,3862.11
1409,564,23,4,4219.12
1410,536,68,5,4445.47
1411,372,12,1,3586.8
1412,195,135,3,635.18
1413,32,90,4,2745.83
1414,401,106,1,3703.75
1415,31,121,4,4135.75
1416,32,194,3,4959.54
1417,173,177,4,3882.15
1418,331,143,4,4903.04
1419,281,136,2,2064.61
1420,243,34,2,2405.5
1421,295,76,1,110.67
1422,403,119,3,4726.12
1423,267,111,1,2701.7
1424,103,18,1,3312.44
1425,495,184,5,4011.34
1426,172,125,4,356.09
1427,186,92,2,4962.01
1428,336,133,4,1381.62
1429,400,168,2,4555.14
1430,50,157,5,2293.06
1431,9,92,3,1568.42
1432,378,60,2,890.22
1433,183,72,5,3061.98
1434,97,5,3,1238.94
1435,545,196,1,1452.41
1436,367,30,1,1565.08
1437,581,198,1,4924.56
1438,61,20,1,4983.73
1439,566,98,5,4935.13
1440,92,196,4,1574.77
1441,116,196,3,4753.23
1442,456,6,5,1194.56
1443,137,110,3,2582.08
1444,138,7,4,1519.24
1445,554,162,3,854.61
1446,359,15,5,1090.91
1447,22,105,1,359.3
1448,205,164,3,2016.08
1449,399,170,3,3908.11
1450,44,53,4,2524.57
1451,487,114,2,230.14
1452,260,148,3,4973.59
1453,339,19,3,4214.81
1454,368,137,5,3847.37
1455,68,156,1,1387.78
1456,505,98,3,4467.8
1457,464,74,3,3197.74
1458,235,106,4,4634.92
1459,327,58,2,2475.38
1460,206,187,3,3739.51
1461,355,47,1,4084.38
1462,86,176,4,626.64
1463,2,61,3,2860.99
1464,336,7,2,889.09
1465,153,131,2,4039.3
1466,498,179,4,3243.95
1467,580,111,3,4818.94
1468,506,104,4,4127.29
1469,179,61,4,2815.9
1470,139,65,5,4004.74
1471,46,183,3,1567.23
1472,600,18,5,4483.46
1473,377,12,3,977.11
1474,341,127,1,496.01
1475,478,109,5,3652.0
1476,246,199,3,1852.21
1477,594,182,1,4316.59
1478,478,94,1,2843.31
1479,332,7,5,1742.41
1480,502,51,2,2777.57
1481,108,159,5,4740.36
1482,247,165,5,1874.35
1483,517,168,5,1553.04
1484,52,175,3,2477.77
1485,113,196,4,562.9
1486,87,1,2,2366.38
1487,435,130,4,3350.36
1488,568,70,4,3920.68
1489,398,76,1,4380.57
1490,378,188,4,1059.47
1491,165,9,4,590.0
1492,282,100,3,1799.36
1493,149,137,3,4489.95
1494,187,84,1,4246.41
1495,334,67,1,1583.83
1496,56,125,5,3152.55
1497,116,73,5,1502.22
1498,526,30,1,859.34
1499,595,24,1,375.06
1500,419,48,5,4817.35
