UserID,Username,Email,PasswordHash,Address,PhoneNumber,CreatedAt
1,Vritika Soni,savantarmaan@hotmail.com,password123,"605, Choudhury Marg, Phagwara-277705",+918611357274,2024-11-05 19:18:57
2,Veer Kumar,chanamiraya@gmail.com,password123,"H.No. 03, Agarwal Ganj, Dewas-002996",06804824311,2025-03-14 05:24:26
3,Yasmin Kulkarni,purab89@gmail.com,password123,"97/94, Balakrishnan Street, Mysore-380191",09042573820,2024-05-03 02:16:14
4,Ryan Warrior,romil96@agarwal.com,password123,"H.No. 46, Kaur Marg, Junagadh-497051",07650301934,2024-06-18 12:05:07
5,Saanvi Chandran,bhatnagarivana@kota.biz,password123,"68, Rajagopal Nagar, Shivpuri-424362",05954586884,2025-03-30 15:12:50
6,Manjari Sharaf,gourshalv@ghosh.com,password123,"22/45, Samra Chowk, Sultan Pur Majra 357308",07444875913,2024-12-04 11:44:44
7,Jayan Sidhu,gatik06@deol.org,password123,"H.No. 013, Varma Zila, Vijayanagaram-328761",1591254189,2025-04-18 20:21:25
8,Charvi Yohannan,ubassi@hotmail.com,password123,"H.No. 444, Chakrabarti Circle, North Dumdum 959420",6181107450,2024-05-01 11:18:42
9,Tiya Ramanathan,jsagar@yahoo.com,password123,"H.No. 26, Banik Nagar, Naihati-235749",6132962719,2025-01-22 10:59:44
10,Ehsaan Jha,heersengupta@samra.info,password123,"573, Jayaraman Circle, Jabalpur-020434",5948196600,2024-09-02 04:11:59
11,Sahil Mangal,badamihazel@mani.biz,password123,"H.No. 631, Wable Street, Raichur 337475",+910020787885,2024-06-09 13:57:21
12,Nitya Yohannan,gatikrama@bumb.info,password123,"27/49, Bhargava, Katni-405537",+919579507488,2024-05-13 02:02:54
13,Vritika Balakrishnan,shray99@gmail.com,password123,"17, Bhat Circle, Mahbubnagar 803256",2683889710,2025-02-09 12:02:12
14,Tejas Sarma,jainshlok@dass.net,password123,"959, Banerjee Path, Panipat 377855",+912445600380,2024-07-07 20:19:48
15,Anvi Bhatti,ranbirkeer@walla.com,password123,"35/82, Virk Nagar, Muzaffarpur 435183",+913033973854,2024-06-30 06:11:49
16,Samiha Datta,kulkarnimishti@rao.com,password123,"67/22, Krish Path, Durgapur 198444",05754332275,2025-02-08 04:08:38
17,Amira Raman,jhaverichirag@madan-lall.com,password123,"86/31, Saini Circle, Jamnagar 489924",7172147094,2025-01-23 04:00:32
18,Yakshit Yadav,madhav26@yahoo.com,password123,"259, Kar Marg, Mirzapur 964524",04482766876,2024-09-19 16:59:43
19,Keya Gole,senpranay@master.com,password123,"76, Kaur Nagar, Nagpur-838064",08080537262,2024-06-12 07:19:58
20,Arnav Khatri,jayan23@gmail.com,password123,"H.No. 00, Warrior Nagar, Orai 425440",+911590406217,2025-01-24 19:30:17
21,Dhruv Kulkarni,davevedika@saraf-chakraborty.com,password123,"407, Varty Ganj, Warangal 319380",6798384823,2024-10-14 21:53:46
22,Miraya Khurana,tusharrajan@chanda-som.com,password123,"25, Goda Nagar, Cuttack 499779",+915735103066,2025-02-05 05:53:23
23,Mishti Atwal,jchada@bassi-dube.com,password123,"55/533, Bhagat Nagar, Nashik 140566",5226997457,2025-04-18 09:55:52
24,Manjari Yadav,karansamiha@gmail.com,password123,"42/64, Dhar Chowk, Chandrapur-159986",+912406703778,2024-11-07 22:25:03
25,Aaina Bassi,manjari31@bhalla-sangha.com,password123,"69/150, Verma Path, Kalyan-Dombivli 378951",+910457627698,2024-06-20 04:41:15
26,Alisha Ben,azadsidhu@hotmail.com,password123,"65/72, Ahuja Chowk, Bokaro 888388",07695483028,2024-04-23 04:53:53
27,Biju Deshpande,cvala@sahni.com,password123,"06/28, Ramakrishnan Street, Muzaffarpur 210745",+913786643663,2024-07-01 23:46:56
28,Sumer Ram,vedika01@varghese.biz,password123,"40, Ravi Ganj, Shahjahanpur 182894",8620502762,2025-02-21 20:13:58
29,Heer Loke,cdhar@gmail.com,password123,"29/25, Seshadri Chowk, Bhopal-391671",06133090914,2025-02-20 17:31:10
30,Vidur Roy,shanaya17@sengupta-dyal.biz,password123,"74, Virk Marg, Ongole-838622",+910463843146,2024-04-26 03:02:42
31,Ela Kanda,rajayasmin@hari.com,password123,"93/301, Sethi Road, Meerut-321082",3979555928,2025-03-18 17:29:02
32,Mannat Kulkarni,rratti@kumar.net,password123,"45/334, Rau Path, Moradabad 481087",04734276871,2024-04-19 09:25:06
33,Siya Sengupta,adhaliwal@basu-gole.com,password123,"54, Shankar Street, Aizawl 502924",8055969140,2024-08-11 12:53:58
34,Aniruddh Raja,amall@gmail.com,password123,"087, Arora Nagar, Srikakulam-474516",+913054183695,2024-12-09 15:09:43
35,Shamik Kata,shalvrana@hotmail.com,password123,"43/848, Vora Chowk, Hajipur-266124",+916113729731,2025-01-15 17:48:01
36,Siya Jhaveri,sdas@bhargava.com,password123,"70/322, Dani Ganj, Ambala 049884",0901068080,2024-09-12 16:11:31
37,Mahika Sha,jayeshsahota@kale.com,password123,"H.No. 56, Karnik Path, Tiruchirappalli 231873",01838458241,2025-03-21 10:14:24
38,Samiha Choudhury,gulatisamiha@yahoo.com,password123,"04/868, Venkatesh Street, Kadapa-101329",6760628044,2025-03-25 00:15:16
39,Anika Keer,buchtushar@yahoo.com,password123,"H.No. 696, Issac Street, Munger-322097",7408045896,2025-04-23 10:31:30
40,Rohan Yadav,darshit17@balan-thaman.com,password123,"H.No. 56, Chadha Zila, Gangtok-978056",5975271543,2025-01-20 04:15:15
41,Madhav Devan,hdave@gmail.com,password123,"H.No. 174, Chakrabarti, Guntakal 019311",01603762390,2024-06-15 06:52:58
42,Ritvik Vasa,bakshiumang@sethi-yohannan.info,password123,"04/33, Chokshi Chowk, Chinsurah-947297",04591358561,2024-10-22 05:11:09
43,Nirvaan Vyas,dhanuk94@madan.biz,password123,"73/748, Anne Path, Rohtak-494145",2244722865,2024-12-05 22:58:26
44,Amani Hayer,xandra@bassi.biz,password123,"H.No. 92, Dewan Chowk, Aligarh-737355",+912304135139,2024-06-13 16:56:28
45,Vihaan Reddy,xkorpal@yahoo.com,password123,"H.No. 326, Chander Marg, Dehradun-974063",+912413587687,2025-01-29 12:35:48
46,Vardaniya Bala,kavya33@yahoo.com,password123,"H.No. 393, Chaudhuri Zila, Ichalkaranji-453145",07963284894,2024-04-01 10:12:24
47,Jivin Bhat,anay13@yahoo.com,password123,"53, Walla Path, Khandwa-566787",05492812939,2024-12-01 15:39:36
48,Suhana Joshi,aarushbhagat@baria.biz,password123,"36, Virk Road, Rourkela-811474",08758443309,2024-07-09 09:41:12
49,Alisha Chaudhari,yuvraj-79@tiwari.com,password123,"12, Trivedi, Jaunpur-571494",3094967763,2024-08-13 19:03:48
50,Jayesh Sodhi,kalayuvaan@hotmail.com,password123,"H.No. 65, Bhandari Zila, Ghaziabad 635614",4592270171,2024-11-21 19:50:32
51,Piya Varghese,yasmin16@gmail.com,password123,"H.No. 636, Varkey Path, Kalyan-Dombivli-040456",00064448318,2025-03-10 17:10:05
52,Kabir Setty,upadhyayishita@gmail.com,password123,"H.No. 542, Zacharia Path, Bhagalpur 533902",7444602311,2025-02-18 11:37:17
53,Tiya Sarin,farhanbahl@sibal-hayer.biz,password123,"H.No. 496, Hegde Road, Gandhinagar 557574",6486073452,2024-08-27 20:12:39
54,Kartik Swamy,yuvaanganguly@gmail.com,password123,"43, Rana Road, Dhule 365266",04306927556,2024-11-02 01:52:52
55,Jayant Saraf,banikumang@mane.net,password123,"H.No. 934, Kaul Street, Orai-993356",+919632367317,2024-11-09 07:26:11
56,Aaryahi Datta,aayushbarman@sibal-bumb.org,password123,"H.No. 04, Batta Ganj, Bhilwara 730621",0349366214,2024-09-03 20:24:34
57,Riya Shah,samradiya@gmail.com,password123,"27, Setty Zila, Shimla-420337",0200325691,2025-03-03 12:17:43
58,Yashvi Keer,guhapurab@saha.net,password123,"536, Suresh Path, Bijapur-715030",+913804816416,2025-02-10 01:03:29
59,Madhav Rattan,waliela@srinivasan-ben.net,password123,"15/39, Tandon Circle, Jamalpur-191579",+918158537396,2024-08-05 15:54:16
60,Anika Ghose,kkala@krishnan.com,password123,"06/79, Sethi Ganj, Narasaraopet 833195",5291002774,2025-03-14 18:26:57
61,Manjari Raju,shenoytaimur@gmail.com,password123,"218, Mander Ganj, Agra 441685",+912034545698,2024-12-22 01:08:47
62,Divit Rama,bhagatkiara@lata.info,password123,"79, Chaudhuri Road, Junagadh 391843",4655098129,2025-03-06 23:38:02
63,Shray Acharya,hramachandran@hotmail.com,password123,"39, Deep Nagar, Nadiad-443368",09762221840,2024-06-26 02:56:19
64,Sara Bose,nsane@saini.com,password123,"H.No. 18, Saraf Street, New Delhi 122089",07138936472,2025-02-27 08:00:05
65,Siya Kant,elakshivaidya@handa.com,password123,"97, Bhakta Marg, Bhiwani 414538",+915053751982,2025-02-04 00:04:35
66,Navya Solanki,reyansh31@tara.com,password123,"H.No. 62, Anand, Agartala-488816",+914263875567,2025-04-20 08:40:42
67,Tejas Kashyap,anya96@gmail.com,password123,"H.No. 639, Subramaniam Marg, Visakhapatnam 235523",3143888375,2024-04-25 19:08:44
68,Kavya Kadakia,saxenamishti@hotmail.com,password123,"H.No. 083, Dara Ganj, Ulhasnagar-336679",05676949852,2025-01-18 08:15:32
69,Zain Char,pmanda@maharaj.org,password123,"38, Bansal Street, Jammu 963106",+916557935917,2025-01-06 13:47:22
70,Devansh Master,bhamini34@hotmail.com,password123,"18/03, Bir Path, Gandhinagar-016363",+913504857293,2025-04-17 10:07:10
71,Khushi Shah,bghosh@sarkar.com,password123,"01/191, Varghese Ganj, Nanded-766498",1004145530,2024-07-28 23:50:23
72,Anya Vohra,wasonhunar@gmail.com,password123,"46/25, Sankaran Circle, Mehsana-015165",06478176274,2024-07-18 06:41:49
73,Samiha Venkatesh,isheth@viswanathan.info,password123,"H.No. 456, Konda Chowk, Nellore-496609",+912314648245,2024-09-27 04:51:39
74,Suhana Dash,tandonchirag@hotmail.com,password123,"62/81, Sachdev Path, Unnao-197413",01016289197,2025-02-21 17:25:49
75,Shamik Ratti,ryan61@rajagopal.com,password123,"H.No. 598, Sibal, Bhimavaram-586139",00909521869,2024-08-12 02:09:24
76,Zain Mann,tsalvi@hotmail.com,password123,"23, Shere Street, Farrukhabad 743883",3681822774,2024-04-02 07:35:40
77,Hazel Mall,arhaanbrar@yahoo.com,password123,"509, Randhawa Ganj, Tiruppur 724706",+910407657616,2025-01-19 01:25:41
78,Pranay Shroff,sanashroff@gmail.com,password123,"841, De Path, Karimnagar 396168",1747307098,2024-04-25 15:05:31
79,Tara Srinivasan,jayant60@yahoo.com,password123,"81, Walia Marg, Sasaram 847183",3932789111,2025-03-16 07:38:10
80,Priyansh Barad,tmannan@yahoo.com,password123,"27/467, Sama Road, Ujjain 079926",0004411931,2025-03-02 08:03:47
81,Jayesh Ganguly,gadepari@sampath.com,password123,"909, Desai Circle, Adoni 835887",08061042705,2024-07-21 14:47:33
82,Saira Solanki,aniruddhacharya@gmail.com,password123,"490, Andra Ganj, Dharmavaram 261131",6091953247,2025-03-02 09:33:58
83,Kaira Agate,kashvi35@bahl.com,password123,"43/29, Date Path, Dhanbad 469874",+911105204127,2024-07-16 01:55:25
84,Damini Shah,varghesehimmat@hotmail.com,password123,"H.No. 474, Lalla Ganj, Ongole-968256",+916551741350,2025-04-11 01:10:15
85,Riya Ramaswamy,shaan80@dash.com,password123,"H.No. 27, De Ganj, New Delhi-705178",09823175807,2024-07-15 08:27:09
86,Anaya Sundaram,rati16@borah.com,password123,"63, Dhar Zila, Jamalpur 941647",3273488744,2025-02-27 03:42:21
87,Samar Goyal,sundarammamooty@yahoo.com,password123,"93, Soman Street, Darbhanga 999980",07636701373,2024-04-19 02:09:16
88,Pranay Bava,dayalnehmat@bobal-kanda.com,password123,"95/513, Ganguly, Kurnool 546266",+913947819030,2024-11-13 10:04:08
89,Uthkarsh Sen,zsaini@sama-doshi.com,password123,"72, Mangat Nagar, Aurangabad-300183",06201504824,2025-03-23 03:29:46
90,Advik Hora,wallatarini@kant.net,password123,"07/046, Chacko Chowk, Jabalpur-445081",3577575035,2024-06-14 01:31:48
91,Pihu Brahmbhatt,bendrishya@hotmail.com,password123,"H.No. 342, Dey Chowk, Coimbatore-886219",1097296278,2025-04-01 12:49:12
92,Sumer Lanka,inaaya-60@wali-kala.com,password123,"H.No. 562, Lalla Ganj, Bhagalpur 939843",+917764318904,2024-05-15 11:13:34
93,Hiran Sangha,dharmajan11@hotmail.com,password123,"45, Chaudry Marg, Tadepalligudem-971331",05260038240,2024-11-07 01:55:53
94,Shayak Kapadia,rvarughese@arya-dugar.info,password123,"203, Grewal Circle, Malda-869569",06733904119,2024-12-17 04:23:35
95,Reyansh Wali,vanya15@gmail.com,password123,"H.No. 31, Setty Chowk, North Dumdum-901093",06565144547,2025-02-18 08:55:41
96,Jiya Sanghvi,dhaliwalyuvraj@ranganathan.com,password123,"64, Chacko Zila, Haldia-381621",+913775281657,2024-07-02 14:22:52
97,Arnav Ramaswamy,anay85@gmail.com,password123,"12, Bala Zila, Secunderabad-600839",+918400683880,2025-01-12 17:37:24
98,Jiya Koshy,mishatella@baria.com,password123,"29/016, Agate Circle, Hindupur 235487",02250839854,2024-10-09 21:13:59
99,Vritika Jain,skurian@gmail.com,password123,"H.No. 03, Basak, Nanded 115113",9456527908,2024-10-20 03:16:43
100,Aarush Srinivasan,chaudhryjivin@gmail.com,password123,"391, Jani Ganj, Mysore 934411",07967433633,2025-02-11 16:47:19
101,Zain Barman,rhea30@hotmail.com,password123,"20/85, Chaudhry Nagar, Sambalpur-972310",+915117673086,2025-04-14 11:43:58
102,Eshani Wable,purab89@hotmail.com,password123,"94/312, Warrior Marg, Tezpur-598379",1042688459,2024-08-06 23:47:29
103,Adira Singh,anahigulati@kashyap.biz,password123,"H.No. 097, Sood Ganj, Srikakulam-739690",8789025802,2025-04-19 00:55:12
104,Riya Desai,tbumb@warrior-samra.com,password123,"593, Ravel Nagar, Ajmer-510652",+910624597370,2025-03-21 06:57:23
105,Ahana  Dubey,piyamaharaj@jani-singh.com,password123,"H.No. 93, Karnik Ganj, Rewa 574472",7031525378,2024-08-30 16:38:04
106,Purab Lad,dhillonakarsh@karan.com,password123,"H.No. 97, Dutta Path, Madhyamgram 494552",01225000842,2024-06-23 04:51:23
107,Tiya Sami,faiyaz64@upadhyay-tiwari.com,password123,"74, Khanna Street, Aligarh-053926",03152110764,2024-10-24 08:59:55
108,Saira Sahni,ramanathandharmajan@chaudhari-rajan.com,password123,"04, Sem Ganj, Nashik 192155",+910597415098,2024-10-19 00:53:49
109,Elakshi Shan,cvasa@gmail.com,password123,"49, Kota Street, Orai 215492",+913434071793,2024-09-30 20:02:18
110,Kiara Subramaniam,varmaoorja@gmail.com,password123,"936, Virk Nagar, Amritsar-489792",09338949110,2024-05-05 17:31:17
111,Siya Vala,wabledhruv@chahal.com,password123,"013, Loyal Chowk, Dewas-032320",+910360728383,2025-02-16 13:21:12
112,Ahana  Loyal,jhaheer@salvi.com,password123,"H.No. 32, Mandal Marg, Guntakal-938549",09300047622,2024-10-11 11:35:48
113,Prisha Konda,zwarrior@hotmail.com,password123,"H.No. 928, Bhagat Chowk, Deoghar 637034",+915885531923,2025-02-02 14:37:53
114,Tushar Ahuja,borahshayak@ravi.com,password123,"014, Swamy Path, Kalyan-Dombivli 528033",02301165819,2024-06-15 20:13:29
115,Stuvan Divan,ssheth@mandal.com,password123,"521, Tank Road, Kadapa-338568",1797725050,2024-11-09 13:05:49
116,Zain Dube,yuvraj-guha@yahoo.com,password123,"15/15, Deep, Dehri-561484",03072349022,2024-04-12 09:21:13
117,Renee Bawa,mishakanda@hotmail.com,password123,"H.No. 72, Gaba Circle, Tiruppur-731096",+911682356914,2024-04-10 01:06:34
118,Pranay Kota,aarav64@yahoo.com,password123,"90/078, Din Zila, Miryalaguda-000485",01631261443,2024-07-30 06:02:26
119,Damini Bora,gatikbedi@goda.com,password123,"89, Shan Marg, Unnao 531876",+911572531938,2024-07-04 03:31:42
120,Indranil Datta,kamdaradvik@cheema.net,password123,"22/77, Dalal Zila, Coimbatore 618855",02375690997,2024-05-17 22:59:16
121,Ishita Deo,ivanabhat@hotmail.com,password123,"91/793, Aggarwal Circle, Ghaziabad 291341",03867716523,2025-01-19 09:24:37
122,Vaibhav Mangat,dsibal@raval.info,password123,"00/61, Rajan Road, Firozabad-936626",+915931600238,2024-04-11 00:39:27
123,Siya Issac,diyasinha@ahuja.com,password123,"H.No. 004, Wason Chowk, Khora  714410",+913580336177,2024-09-12 20:44:43
124,Seher Sarraf,gchand@hotmail.com,password123,"96, Wali Marg, Amaravati 119833",1691350450,2024-05-21 18:42:27
125,Aaryahi Mand,diyabhatt@hotmail.com,password123,"64/49, Bains Ganj, Guntur 302930",+912306002828,2025-03-24 08:39:13
126,Yakshit Sehgal,cchawla@thakkar-varughese.info,password123,"H.No. 815, Sur Path, Kolhapur-232131",+917274557108,2025-02-01 22:06:28
127,Advika Toor,rdesai@hotmail.com,password123,"066, Varughese Street, Rewa-197994",9492933515,2024-10-08 15:05:47
128,Lakshit Wali,chandanehmat@hotmail.com,password123,"11/87, Ghosh Circle, Raiganj-983732",09708757127,2024-08-19 04:17:34
129,Baiju Thakur,jayant27@gmail.com,password123,"16/41, Dayal Zila, Jalna 846363",06518082281,2024-09-22 00:09:54
130,Mohanlal Badal,raunak66@hotmail.com,password123,"87, Sehgal Path, Rewa 392631",09772913695,2024-05-27 18:30:12
131,Shaan Gaba,vritika80@yahoo.com,password123,"61/68, Sarin Nagar, Rajpur Sonarpur-228446",2900314340,2024-07-28 22:56:52
132,Madhav Krishnan,shalvgulati@mallick.org,password123,"07, Sen Circle, Patna-938610",+916723892754,2024-04-28 22:57:27
133,Dishani Rao,vedika45@ray-garde.org,password123,"H.No. 49, Madan Zila, Adoni-887625",08654722339,2024-04-13 09:45:30
134,Nirvaan Sha,neelofarsodhi@gmail.com,password123,"H.No. 823, Banik Chowk, Sonipat-683817",07089876530,2024-11-28 04:57:20
135,Dhruv Sule,tushar79@dugar.net,password123,"11/59, Wali Street, Bettiah 611955",09436599147,2024-09-20 03:15:06
136,Saanvi Deep,hrishitakota@gmail.com,password123,"080, Brar Chowk, Sambalpur-446656",02042644039,2024-10-12 17:52:18
137,Dharmajan Lalla,pari59@bhatti-bal.biz,password123,"50, Savant Circle, Guntakal-751189",04174353678,2025-01-01 19:51:16
138,Amira Khalsa,ikhalsa@sankaran.com,password123,"54, Hayer Street, Tadepalligudem 857594",+911773703311,2025-02-15 22:20:22
139,Pranay Raja,vardaniya31@chander.biz,password123,"H.No. 61, Rastogi Road, Gangtok-767913",+913142169861,2025-04-19 05:12:46
140,Ranbir Kala,kkrishnamurthy@gmail.com,password123,"H.No. 118, Sharaf Ganj, Bangalore-779281",+919563518735,2024-04-25 05:34:37
141,Ela Bose,charvibhatia@hotmail.com,password123,"H.No. 395, Gopal Ganj, Mehsana-391661",+919264085994,2024-05-30 09:36:17
142,Taimur Kamdar,ytank@gmail.com,password123,"776, Magar, Gandhidham-172605",03483469717,2024-08-26 21:16:27
143,Nehmat Dutt,ksetty@gmail.com,password123,"H.No. 33, Basak Marg, Amroha 234577",03261714620,2024-04-07 22:01:46
144,Hunar Gola,xchatterjee@gole.com,password123,"75/02, Bajwa Ganj, Hazaribagh-505487",0969199817,2024-04-24 10:52:40
145,Tejas Yohannan,mallicktanya@gmail.com,password123,"H.No. 515, Sanghvi Zila, Jamshedpur 990431",+913029465323,2025-04-04 05:08:36
146,Ivan Salvi,bandimannat@hotmail.com,password123,"H.No. 440, Dar Circle, Thoothukudi-483672",0879872708,2025-02-24 06:57:10
147,Mohanlal Sha,wbora@gmail.com,password123,"45/240, Wason Road, North Dumdum 044086",06470985151,2024-10-18 20:01:25
148,Anika Warrior,cbawa@gokhale.com,password123,"30, Shere, Tezpur 817645",04629169979,2024-10-17 06:13:43
149,Aniruddh De,daliayasmin@hotmail.com,password123,"454, Din Chowk, Bathinda 579284",7191198512,2025-01-28 02:14:58
150,Jiya Gill,cbanik@yahoo.com,password123,"704, D’Alia, Kirari Suleman Nagar 375985",0379543019,2025-01-03 14:17:11
151,Dhanush Singh,varugheseahana@wali.info,password123,"H.No. 04, Andra Street, Bhatpara 602452",4959649464,2024-11-14 15:34:36
152,Miraan Manda,krishraval@hotmail.com,password123,"H.No. 464, Raman Path, Thiruvananthapuram 474818",+916575226108,2024-11-07 04:28:21
153,Piya Saxena,iverma@sodhi.com,password123,"H.No. 148, Bobal Path, Kharagpur 258900",+916546313467,2024-10-30 17:25:33
154,Madhup Sethi,nirvaanram@hotmail.com,password123,"H.No. 99, Dar Ganj, Danapur-735240",00650017681,2024-09-23 12:42:07
155,Sana Solanki,ravimadhup@dora-subramaniam.com,password123,"99/798, Chadha Marg, Proddatur-436635",06461633285,2024-10-19 08:56:40
156,Tushar Lall,devianika@gmail.com,password123,"63, Chaudhuri Street, Sonipat-979608",9301983111,2025-04-03 07:26:40
157,Purab Ramesh,aiyer@yahoo.com,password123,"19/44, Maharaj Path, Srinagar 865957",7099808651,2024-09-16 08:33:34
158,Indrans Krishnamurthy,dhanukandra@aurora.com,password123,"80, Zachariah Path, Thrissur 493264",4039339409,2025-02-10 09:21:49
159,Miraan Goel,xkanda@yahoo.com,password123,"05/897, Sani Ganj, Rajahmundry-110458",8036264325,2024-09-18 04:17:07
160,Hrishita Solanki,dhruv74@yahoo.com,password123,"59/695, Dada Zila, Srikakulam-307332",5630780182,2024-12-13 01:47:35
161,Zara Dara,wasonkeya@bakshi-sahni.com,password123,"60/312, Chander Zila, Purnia 491291",09132290056,2025-03-07 09:39:17
162,Ojas Chaudhry,vasaheer@dewan.biz,password123,"H.No. 05, Sundaram Nagar, Hosur-441660",+919461089758,2024-04-06 23:20:08
163,Alia Barad,aradhyaanand@raval.info,password123,"02/296, Seshadri Chowk, Alwar-540888",+919468105889,2025-04-16 11:16:54
164,Mamooty Shanker,okunda@bhavsar.com,password123,"77, Samra Nagar, Mangalore-097351",6012338581,2024-11-26 10:16:11
165,Dishani Jayaraman,ahana-mannan@hotmail.com,password123,"65/91, Bansal Street, Moradabad 827709",7834162888,2024-05-24 02:51:00
166,Himmat Date,dasguptasamaira@ravi-sen.com,password123,"79, Khalsa Circle, Ozhukarai-018364",3498937798,2024-10-21 12:19:15
167,Zaina Bhagat,mishabhagat@yahoo.com,password123,"H.No. 845, Ranganathan Road, Rewa-813242",09247847234,2024-07-19 10:49:39
168,Advik Vala,akarshbose@yahoo.com,password123,"H.No. 436, Agate Road, Satna-898708",1193372711,2025-01-22 14:33:39
169,Nishith Suresh,kdhillon@gmail.com,password123,"39/84, Anand Path, Madanapalle-323065",0918124057,2024-05-17 14:10:46
170,Kaira Vora,lakshit47@balasubramanian-bobal.org,password123,"70, Badami Ganj, Madhyamgram-983790",06512216806,2024-11-07 13:37:57
171,Mannat Krishnan,agole@buch-vyas.biz,password123,"20/727, Atwal Zila, Motihari-920344",00541699893,2025-04-14 11:24:43
172,Ojas Sarraf,evamagar@sani.org,password123,"H.No. 411, Gera Circle, Howrah 260404",09375365900,2024-07-04 14:39:07
173,Tara Bakshi,pchowdhury@hotmail.com,password123,"75, Dasgupta Chowk, Malegaon 159804",9938619018,2025-03-10 16:19:13
174,Samiha Batta,madhav14@sunder.org,password123,"40/312, Dora Chowk, Hospet-200301",05909494082,2025-03-13 18:45:47
175,Bhavin Iyer,vritikadeshmukh@hotmail.com,password123,"H.No. 33, Kala Street, Thanjavur 715275",+918122848312,2024-07-20 05:20:59
176,Aaryahi Lata,shraycontractor@hotmail.com,password123,"40/84, Rajagopalan Street, South Dumdum 279600",+916257041121,2024-11-27 08:56:04
177,Ehsaan Walia,yasminthakkar@gmail.com,password123,"98, Lata Path, Dhanbad-387108",04439622526,2024-12-23 09:26:05
178,Raunak Sampath,urvimallick@vasa.com,password123,"215, Batra Road, Bhiwandi-023185",04750429928,2025-02-24 14:47:47
179,Yuvraj  Arora,kashvidutt@hotmail.com,password123,"55/067, Kadakia Circle, Hapur-314367",9254257998,2025-01-07 12:41:58
180,Pranay Ghosh,asuresh@gmail.com,password123,"H.No. 004, Deo Street, Adoni-903618",03121595367,2024-11-08 05:37:22
181,Vritika Dube,pbiswas@char-lalla.com,password123,"H.No. 37, Dora Path, Coimbatore 097478",1152835098,2024-11-21 15:13:41
182,Badal Gill,qbabu@hotmail.com,password123,"98/37, Krish Path, Amritsar 205690",+916056885697,2025-04-05 06:51:00
183,Biju Kibe,vidurshere@lanka.com,password123,"24, Banik Path, Berhampore 953354",06463185584,2024-04-25 14:18:14
184,Hiran Madan,rayonkar@gmail.com,password123,"53/60, Tiwari Marg, Bhiwandi 381694",02235587455,2024-06-06 19:34:59
185,Misha Kapur,jsampath@gmail.com,password123,"H.No. 460, Banik Zila, Alwar-717978",02494724825,2024-09-13 07:27:41
186,Veer Savant,nbalasubramanian@chaudhari.com,password123,"H.No. 576, Doshi, Nellore-788790",+918451665588,2024-07-15 01:33:10
187,Tanya Warrior,deolkimaya@rana.com,password123,"H.No. 516, Saha Path, Raurkela Industrial Township 030732",0824609587,2024-04-20 17:21:40
188,Parinaaz Kara,desaishalv@hotmail.com,password123,"114, Bajaj Circle, Mira-Bhayandar-833301",8140401668,2024-08-26 18:14:13
189,Ira Malhotra,aarush25@hotmail.com,password123,"760, Mammen Nagar, Kamarhati-043233",05704928018,2025-02-12 02:58:19
190,Hunar Dhaliwal,kabirgoyal@dass.com,password123,"97, Khurana Street, Bidar 161939",04840280566,2025-01-08 16:36:46
191,Lagan Vala,wbarman@yahoo.com,password123,"H.No. 77, Gaba Road, Chittoor 690591",1286556345,2024-05-09 02:56:31
192,Hrishita Kibe,daliamahika@rama.org,password123,"H.No. 68, Mall Zila, Dindigul-245551",01323704095,2025-03-11 09:13:38
193,Samar Sanghvi,sinhalavanya@deol-trivedi.com,password123,"87, Varughese Chowk, Nadiad 478916",6872898838,2024-11-09 16:22:07
194,Kismat Vasa,onkar60@yahoo.com,password123,"H.No. 007, Savant Street, Warangal 580102",4381605490,2025-02-25 21:06:51
195,Zaina Chanda,ranbirkorpal@ramakrishnan-bansal.com,password123,"86, Butala Road, Hapur 794959",03798679970,2024-08-22 16:35:50
196,Amani Kari,rkhurana@yahoo.com,password123,"76/84, Mangal Zila, Agra 133882",05422684147,2024-09-22 05:50:08
197,Indrans Lad,raniajaggi@hotmail.com,password123,"H.No. 00, Viswanathan Path, Vadodara 141110",+911475164394,2024-05-07 15:51:16
198,Lagan Rana,ishita67@hotmail.com,password123,"33, Madan Road, Kamarhati 292182",+914720053537,2024-11-12 16:56:02
199,Indrans Saraf,vardaniyabiswas@chauhan-sachdeva.com,password123,"H.No. 71, Dara Zila, Jaunpur-052319",+911391526303,2025-04-20 14:09:52
200,Emir Buch,vedikaatwal@hotmail.com,password123,"552, Kashyap Marg, Adoni-510036",+915878142065,2024-11-14 20:36:43
201,Divit Rattan,dixitkimaya@yahoo.com,password123,"62/04, Hayer Marg, Chandrapur-834535",03932286006,2025-04-04 18:29:15
202,Nirvaan Sahota,prishasanghvi@hotmail.com,password123,"H.No. 267, Kunda, Salem-177520",00208569567,2024-05-27 22:26:45
203,Indrajit Sura,prisha75@sinha.com,password123,"H.No. 156, Chanda Circle, Shimla 058768",+915549909470,2024-11-06 23:20:05
204,Mishti Kumar,taranishith@yahoo.com,password123,"25/20, Jani Road, Hyderabad-698527",+915912622939,2025-04-06 21:14:31
205,Ayesha Sandal,kismatsabharwal@rau.com,password123,"H.No. 848, Sankaran Circle, Gandhinagar-613665",+919753458442,2024-12-01 16:07:01
206,Zara Chand,ysule@srinivas.info,password123,"653, Date Ganj, Panipat-175686",1928246805,2025-03-03 03:48:18
207,Kavya Kulkarni,kaira23@gill.biz,password123,"85, Krishna Circle, Thanjavur-876628",+910731780567,2024-07-04 20:37:15
208,Miraan Batta,sahnizain@ramaswamy.org,password123,"96/448, Bajaj Path, Thiruvananthapuram 231890",+911002833353,2024-04-20 12:14:33
209,Alisha Kuruvilla,baradsara@borde.org,password123,"H.No. 17, Dash Marg, Tiruvottiyur 400972",+916114842478,2024-07-22 05:20:06
210,Bhavin Gill,mahikashere@hotmail.com,password123,"880, Garg Ganj, Loni-961938",07956047335,2024-11-02 02:20:39
211,Dhanush Swaminathan,sharafriaan@gmail.com,password123,"96/97, Chada Chowk, Lucknow-514416",06616456580,2024-05-29 14:56:43
212,Sana Setty,tiya05@hotmail.com,password123,"22/25, Bail Path, Madurai 901206",+912053910347,2025-01-01 14:53:19
213,Samiha Boase,doshiuthkarsh@gmail.com,password123,"H.No. 44, Hari Chowk, New Delhi 418345",06603106475,2024-04-04 17:18:16
214,Ira Desai,zoyaramesh@korpal.com,password123,"91/504, Raja Circle, Kulti-544675",8881414100,2024-08-02 00:28:51
215,Madhav Bains,arama@gmail.com,password123,"511, Saha Marg, Orai-737753",+913677522037,2024-04-18 17:33:34
216,Aarush Thaker,vlata@rama.com,password123,"04, Kapoor Chowk, Gulbarga-772907",09445309831,2024-09-18 13:24:17
217,Renee Biswas,jayan05@hotmail.com,password123,"H.No. 77, Sheth Road, Solapur 257950",6432220527,2024-11-26 03:52:33
218,Oorja Sachdev,udua@hotmail.com,password123,"H.No. 730, Kashyap Circle, Gaya-994601",02871025609,2024-07-15 18:40:43
219,Reyansh Sur,drishyaboase@khatri.com,password123,"H.No. 40, Lad Zila, Sultan Pur Majra 326847",08866499053,2024-06-25 16:49:23
220,Abram Sharma,kiarabahl@yahoo.com,password123,"H.No. 188, Dora Path, Kolhapur-362264",3484433750,2025-04-03 08:23:48
221,Seher Ganesh,ndugar@yahoo.com,password123,"23/601, Kalla Circle, Jammu 147445",+915125949524,2024-09-25 04:34:37
222,Zara Bera,asaraf@krishna.com,password123,"89/934, Varkey, Yamunanagar-667909",7854996087,2024-04-08 07:44:05
223,Diya Koshy,choudhurysiya@yahoo.com,password123,"34/00, Gaba Street, Mahbubnagar-813237",01162593984,2024-09-13 20:49:15
224,Rohan Krishna,kartikchacko@hotmail.com,password123,"73, Acharya Ganj, Thanjavur-438910",+916376692394,2024-06-23 01:02:35
225,Azad Srinivas,nirvaandewan@sane.org,password123,"47, Babu Road, Alappuzha-641811",02070434303,2024-08-12 19:58:59
226,Anaya Loke,xsinghal@hotmail.com,password123,"H.No. 545, Rau, Surat 569317",+912675170082,2024-12-29 01:39:27
227,Zeeshan Wadhwa,sakshamloyal@sankaran.com,password123,"88, Gour Circle, Visakhapatnam 692422",00910030883,2024-06-07 16:57:40
228,Tushar Johal,lallmadhav@bawa-goda.com,password123,"02/78, Vyas Path, Dehri-470874",02825675667,2025-02-01 11:51:16
229,Dharmajan Kota,mhari@kamdar.com,password123,"H.No. 72, Chana Circle, Khora  990845",+917320544303,2024-10-25 16:54:41
230,Jiya Mahal,lakshay48@talwar-borde.com,password123,"80/485, Balay, Ambarnath-341830",5894167549,2025-02-18 06:53:43
231,Oorja Chhabra,suhanarama@sundaram-yadav.biz,password123,"260, Ravel, North Dumdum 775622",02489942344,2024-10-12 02:46:17
232,Chirag Thaman,veerdevan@batta.biz,password123,"55, Chand Zila, Hosur-629821",0191329771,2024-05-03 12:56:36
233,Kiara Sachdeva,onkar20@gmail.com,password123,"297, Bains Chowk, Singrauli-275248",09174863158,2024-07-08 11:07:29
234,Devansh Vasa,vritika11@yahoo.com,password123,"87, Sinha Chowk, Gandhidham-478792",+915220574093,2025-01-10 08:40:13
235,Pranay Khalsa,hrattan@hotmail.com,password123,"H.No. 72, Golla Road, Shimla-519097",+919067483560,2025-03-11 05:38:30
236,Pihu Ramakrishnan,butalayasmin@gmail.com,password123,"H.No. 33, Jaggi Street, Thrissur 178997",00007984484,2024-04-19 21:19:53
237,Taimur Virk,riaan21@keer-wali.net,password123,"94/354, Konda Nagar, Naihati-106616",05767300637,2025-03-10 00:20:14
238,Siya Sagar,romil11@grover.org,password123,"H.No. 05, Goda Street, Dindigul-622335",+912774917320,2025-02-19 17:00:42
239,Diya Gopal,alishashukla@hotmail.com,password123,"42/36, Dada Marg, Durgapur 492211",+919562137891,2024-05-16 20:56:00
240,Suhana Mander,onkar00@salvi.com,password123,"24/56, Sharaf Circle, Durg 288983",06179268485,2024-08-15 15:07:09
241,Mishti Vala,dhanush54@aggarwal-tandon.com,password123,"195, Guha Road, Nandyal-592782",+918397915962,2024-05-23 08:12:33
242,Zara Rege,nchakrabarti@dash-ghose.com,password123,"86, Chhabra Path, Khandwa-715060",4753693413,2024-05-09 01:23:04
243,Ivana Bath,kimaya81@brar-kapadia.com,password123,"01, Dhar Nagar, Bhind-955846",08242248680,2025-04-20 15:27:53
244,Jivin Keer,cvig@mannan-tak.com,password123,"05/92, Setty Nagar, Moradabad 144736",04284690321,2024-06-21 20:02:05
245,Nishith Saxena,kamdardivyansh@yahoo.com,password123,"29, Kaur, Bidhannagar 497646",0561562754,2024-12-12 02:43:52
246,Himmat Taneja,yvaidya@deol.info,password123,"511, Raj Circle, Kolkata-930058",+911109073327,2024-06-15 15:53:04
247,Umang Golla,chakrabortyjayan@gmail.com,password123,"42/12, Arya Nagar, Medininagar-063920",05655059242,2024-12-10 09:55:50
248,Miraya Dugar,dharmajan77@gmail.com,password123,"81, Varghese Circle, Jamalpur 294858",06822539908,2024-06-01 22:43:46
249,Yasmin Kanda,sumervenkataraman@chokshi-gopal.com,password123,"831, Subramaniam Road, Kota 454018",09729354308,2024-06-15 09:18:34
250,Emir Bail,amblekashvi@yohannan.net,password123,"H.No. 79, Loke Marg, Bijapur 456307",+913047087888,2024-07-21 14:56:52
251,Nitya Brahmbhatt,choudharylakshit@hotmail.com,password123,"40/89, Sahota Chowk, Khammam 231607",09143359995,2025-01-05 04:54:08
252,Saanvi Venkataraman,vihaan58@hotmail.com,password123,"68/41, Sarkar Path, Bikaner-414511",08351734173,2024-04-20 18:25:42
253,Tejas Karnik,nitaraacharya@gmail.com,password123,"70/852, Taneja Street, Jabalpur-165353",07429024307,2025-04-15 23:26:21
254,Oorja Ranganathan,kzachariah@sem.biz,password123,"74/84, Ganesh, Agra 744129",2263020578,2024-11-24 17:26:49
255,Mannat Chadha,hkale@hotmail.com,password123,"29, Sibal Road, Bongaigaon-238149",0150204114,2024-11-14 13:58:33
256,Ranbir Choudhry,ivan57@gola-jani.com,password123,"76, Lala Street, Hyderabad 979727",1902863919,2025-01-04 13:45:59
257,Arnav Balasubramanian,hazel29@sarin-sura.com,password123,"75, Varughese Zila, Aligarh 916042",+917150530877,2024-05-01 09:23:23
258,Trisha Mangat,tmanne@gmail.com,password123,"156, Babu, Thiruvananthapuram 977321",01443966674,2025-03-25 15:51:54
259,Elakshi Bora,advik22@yahoo.com,password123,"59, Sengupta Zila, Howrah-684399",+919505319834,2024-11-22 12:50:08
260,Anay Dewan,ssant@deshpande.com,password123,"56, Sarkar Ganj, Ambattur 075405",2646079430,2024-09-12 12:46:33
261,Suhana Dugal,amani69@rajan.com,password123,"11, Kohli Path, Amaravati-311772",7879795364,2024-09-06 15:42:39
262,Kabir Upadhyay,romil28@yahoo.com,password123,"34/097, Sur Zila, Ahmednagar-125685",+917780162019,2024-12-04 09:46:12
263,Riya Wason,arastogi@gmail.com,password123,"79/42, Barman Ganj, Khandwa-307074",02137078336,2024-07-27 17:31:13
264,Priyansh Ramanathan,hunar05@shetty.biz,password123,"37/943, Dua Chowk, Secunderabad-925379",+912357064190,2024-09-16 03:13:24
265,Anahita Sarin,kohlifaiyaz@butala.biz,password123,"836, Bhatt Road, Jalgaon 198309",+917395595850,2024-07-12 01:30:24
266,Faiyaz Luthra,aarush00@bhalla-ganguly.com,password123,"25/35, Hayer Ganj, Tadepalligudem 650985",0503821865,2025-03-24 22:21:58
267,Ishaan Bir,gatik80@gmail.com,password123,"H.No. 105, Sanghvi Marg, Ranchi 729484",+913752974464,2025-01-02 08:51:49
268,Divit Tailor,indranil53@gmail.com,password123,"H.No. 225, Balan Marg, Dharmavaram 875555",+916212373342,2024-08-22 11:31:55
269,Jayan Rau,aradhyawable@yahoo.com,password123,"H.No. 191, Sule Chowk, Bongaigaon-125110",9508836751,2024-08-16 14:32:04
270,Ojas Gour,bhattacharyyabadal@doshi-mann.com,password123,"588, Hayre Path, Bihar Sharif-910810",9268404148,2025-03-19 00:40:44
271,Piya Master,samarthravi@karpe.com,password123,"35/586, Loyal Path, Ajmer 641747",02836579725,2025-01-02 00:20:41
272,Nayantara Sangha,mahika30@yahoo.com,password123,"56/31, Shukla Road, Tezpur 276282",4263470858,2025-01-06 04:58:13
273,Pihu Gopal,kismatmander@barad.com,password123,"11, Sastry Zila, Akola 124703",+917786364666,2025-03-13 05:38:10
274,Jayesh Cherian,damini47@gmail.com,password123,"H.No. 20, Sawhney, Jaunpur-798428",03867784977,2024-07-07 01:48:10
275,Shlok Chander,madhup88@gmail.com,password123,"H.No. 55, Tank Path, Darbhanga-468098",+916885664756,2024-11-04 20:26:39
276,Onkar Mann,mannatkoshy@yahoo.com,password123,"H.No. 03, Bandi Chowk, Vasai-Virar-233124",06989307377,2024-04-14 17:35:04
277,Ishita Buch,anya20@gmail.com,password123,"96/515, Sunder Path, Siliguri-440031",+918336924213,2025-03-30 22:52:01
278,Sara Gulati,waglesamar@bhatia.com,password123,"39, Thaman Path, Etawah 332913",+916559952832,2025-03-26 15:55:51
279,Zain Deol,aarushbora@gmail.com,password123,"88/24, Ravi Circle, Naihati-884761",1390678780,2025-01-05 17:22:59
280,Veer De,wsibal@mangal.com,password123,"67/61, Bail Chowk, Kishanganj-154271",06118254337,2024-07-21 01:44:43
281,Piya Sangha,alia95@hotmail.com,password123,"25/914, Dhar, Aligarh-204141",9540477969,2025-03-09 09:32:44
282,Hansh Hari,saanvibassi@chawla.com,password123,"H.No. 83, Saini Path, Silchar-828385",03532960243,2024-09-22 09:26:55
283,Gatik Mahajan,nakul78@dora-vora.org,password123,"H.No. 217, Bhagat Road, Rajpur Sonarpur-522378",+910327217528,2024-05-15 04:44:04
284,Uthkarsh Konda,karpeanvi@hotmail.com,password123,"39/970, Yohannan Nagar, Pondicherry-508752",1853023379,2025-03-05 15:07:11
285,Onkar Buch,devansh19@gmail.com,password123,"71, Yogi Marg, Mumbai-998632",2935141940,2024-11-25 02:45:27
286,Kabir Gara,viswanathanadvika@banik.com,password123,"67, Kumer Path, Asansol 588227",+916967910115,2024-06-22 16:47:47
287,Madhup Bath,bhavindate@hotmail.com,password123,"H.No. 84, Gandhi Chowk, Agartala-428511",+915120187520,2024-11-13 07:25:47
288,Kabir Jani,lkota@sura.com,password123,"H.No. 203, Bandi Zila, Bhubaneswar-604091",1049150193,2024-05-12 01:41:36
289,Charvi Keer,purabbawa@yahoo.com,password123,"046, Thakur Marg, Bardhaman-180971",3603844176,2025-04-12 00:45:00
290,Zoya Sandal,pihu92@boase.org,password123,"41, Chanda Path, Khammam 007409",7556128253,2024-06-03 06:01:40
291,Alia Grover,vivaanmalhotra@gmail.com,password123,"58, Agate Path, Thiruvananthapuram-065420",3807249984,2025-01-22 09:18:02
292,Onkar Keer,kraja@acharya-lad.com,password123,"573, Handa Ganj, Agartala-921469",+919383767612,2024-06-28 03:19:02
293,Lavanya Talwar,rajagopalananay@gmail.com,password123,"213, Ray Nagar, Warangal 952357",6329209455,2024-07-03 21:32:57
294,Indranil Thakkar,senguptasamarth@chowdhury.org,password123,"804, Raju Zila, Rampur 929583",07167589997,2024-09-19 01:14:12
295,Anya Mani,xsengupta@khalsa.com,password123,"818, Sridhar Ganj, Kanpur-389904",04318551553,2025-03-01 13:08:28
296,Aaina Lall,kavya29@chaudhuri.com,password123,"66, Vaidya Circle, Morbi-867887",04944161033,2024-10-12 22:14:26
297,Tiya Kala,fthaker@mander.net,password123,"22/689, Deshpande, Haridwar 740941",0477093120,2024-06-16 07:21:21
298,Ela Singh,sairakohli@gera.com,password123,"80/35, Buch Road, Ramgarh-006505",06577999542,2024-04-23 05:17:39
299,Sara Kannan,mganesh@loyal.com,password123,"58, Bhardwaj Marg, Ghaziabad-352247",8197134198,2024-04-12 20:10:35
300,Seher Aggarwal,aarna33@hotmail.com,password123,"68/14, Ghose Street, Eluru-499887",+914485136386,2024-08-24 11:13:28
301,Kanav Hans,pihu86@yahoo.com,password123,"H.No. 48, Kunda Chowk, Parbhani-558710",+916882563415,2025-01-15 18:58:46
302,Shalv Sandal,aarush01@dhingra.com,password123,"03/82, Chowdhury Nagar, Arrah 825096",03785417615,2024-12-09 17:17:53
303,Arhaan Kapoor,dwadhwa@hotmail.com,password123,"297, Khalsa Zila, Jorhat 249122",6024532384,2024-12-14 18:32:13
304,Pari Srinivas,nirviraman@hotmail.com,password123,"82/89, Das Ganj, Durgapur-315554",+918155085910,2024-11-23 13:17:56
305,Samiha Kant,amaniramachandran@lata-raval.biz,password123,"75/093, Dhawan Marg, Bardhaman 562111",+914933487735,2024-11-09 02:44:39
306,Eva Chaudhuri,shaanatwal@gmail.com,password123,"143, Lalla Chowk, Ujjain-395394",+913331485996,2024-06-20 12:02:49
307,Badal Balay,talwarreyansh@atwal-bail.com,password123,"06/03, Jhaveri Street, Varanasi-871940",2257692257,2025-01-19 08:56:25
308,Riaan Soman,reneegupta@hotmail.com,password123,"22/178, Sathe Path, Muzaffarnagar 064467",01318144738,2025-03-26 08:16:54
309,Nitara Saran,elatailor@yahoo.com,password123,"H.No. 535, Roy Road, Agra-592372",+919227731947,2025-04-25 16:27:50
310,Vedika Bhat,dugarmiraya@gmail.com,password123,"44/07, Ahluwalia Circle, Etawah 900042",08397241552,2024-04-26 17:35:24
311,Aradhya Baral,stuvansalvi@hotmail.com,password123,"75/217, Kurian, Bhalswa Jahangir Pur 698479",01139600315,2025-01-20 07:43:45
312,Seher Borah,lsingh@mand.com,password123,"71/14, Sem Ganj, Ambarnath-445237",3337355830,2024-11-03 21:48:25
313,Aaryahi Lalla,ehsaankale@gmail.com,password123,"H.No. 118, Kunda Circle, Patna-950495",+916215332475,2024-12-11 04:51:15
314,Tushar Mann,mishti76@gmail.com,password123,"64/47, Suri Ganj, Panchkula 723297",+917980911488,2024-10-29 04:19:01
315,Stuvan Chauhan,advikabasu@hotmail.com,password123,"04/068, Gill Circle, Srinagar-912434",+918657368326,2024-06-29 19:01:08
316,Jivin Bumb,mehul32@babu-kashyap.net,password123,"H.No. 74, Shere, Pondicherry 936080",+913674097315,2024-04-12 17:35:59
317,Dishani Chaudhari,boasesamiha@yahoo.com,password123,"56, Arya Road, Gudivada 921094",5022585692,2024-08-22 04:41:54
318,Saksham Devan,miraan85@hotmail.com,password123,"211, Varghese, Medininagar 443101",+917154599340,2024-08-11 07:18:44
319,Vaibhav Acharya,atiwari@yahoo.com,password123,"H.No. 210, Garg Circle, Berhampore 719569",2326017539,2024-09-03 00:44:04
320,Biju Goda,vardaniyavirk@goel-kala.com,password123,"18, Dash Chowk, Ozhukarai-079773",0350227130,2025-03-31 04:43:08
321,Rohan Kumar,contractorkabir@hotmail.com,password123,"11, Bava Ganj, Bulandshahr-954514",07340368910,2024-04-28 08:46:45
322,Aarna Chanda,eshani83@hotmail.com,password123,"H.No. 36, Chawla Nagar, Dehri-890396",01124428243,2025-01-24 14:21:16
323,Saanvi Soni,divijgarg@yahoo.com,password123,"93, Sane Marg, Ujjain-669776",+915681447539,2024-06-24 12:55:17
324,Manikya Luthra,amirashukla@yahoo.com,password123,"H.No. 875, Varma Chowk, Nizamabad-585240",+913523468779,2024-11-15 07:56:42
325,Eva Dua,btripathi@yahoo.com,password123,"H.No. 03, Deo, Anantapur 392564",00181486463,2025-04-17 22:46:14
326,Ryan Gole,bijudara@gmail.com,password123,"H.No. 85, Wali Circle, Warangal-447504",03913677275,2024-06-13 22:54:20
327,Dhruv Bandi,ayesha12@bal-chandran.com,password123,"H.No. 843, Char Road, Guntur 059227",9290816169,2025-03-08 21:48:57
328,Badal Loyal,hiranranganathan@kumar-chand.com,password123,"H.No. 95, Kade Nagar, Srikakulam-893953",5432515871,2024-12-31 10:40:35
329,Aayush Chhabra,ayesha96@yahoo.com,password123,"972, Tandon Nagar, Eluru-362616",+912699651221,2024-08-28 15:43:58
330,Raunak Kamdar,manechirag@yahoo.com,password123,"81/129, Goyal Path, Muzaffarnagar 813056",+912264208571,2024-04-11 10:39:08
331,Aarna Kata,purab41@yahoo.com,password123,"16/352, Golla Path, Bhiwani-843932",00846724209,2025-03-02 07:09:50
332,Heer Barad,indrajit64@manne.com,password123,"H.No. 23, Varkey Chowk, Ranchi-715871",9567877241,2025-04-22 23:36:27
333,Manikya Chopra,kalanirvaan@gmail.com,password123,"H.No. 594, D’Alia, Durgapur-444480",+919223599208,2024-04-11 16:50:39
334,Tarini Dube,aarna79@sani.biz,password123,"40/90, Dyal Ganj, Bhind 910591",09639427252,2024-07-14 22:10:33
335,Sumer Sarraf,mannedarshit@gmail.com,password123,"844, Chana, Danapur 620949",+912138747306,2025-02-03 21:42:14
336,Anay Manda,aliarastogi@chaudhary.org,password123,"H.No. 075, Shah Chowk, Morena-963462",4641845720,2025-03-14 23:40:23
337,Yuvraj  Acharya,arnav57@hotmail.com,password123,"81/45, Kannan Marg, Ratlam-644245",+912405663330,2025-03-23 11:54:28
338,Pihu Tailor,riaan32@andra-mand.info,password123,"71, Subramanian Street, Faridabad-893013",05498614354,2024-06-21 04:36:02
339,Ranbir Comar,mannatthaker@gmail.com,password123,"298, Basu Street, Jhansi-544434",5475442576,2024-04-25 20:32:47
340,Pranay Bhardwaj,jkara@vaidya-butala.net,password123,"H.No. 83, Bajwa Zila, Serampore 502338",+911677440835,2025-03-04 11:31:22
341,Navya Krishnamurthy,krishvaibhav@yahoo.com,password123,"H.No. 98, Ghosh, Kanpur 231907",2700320243,2024-06-16 12:14:54
342,Aradhya Kamdar,oraman@dewan.com,password123,"H.No. 717, Jhaveri Chowk, Surat 932908",+919411244206,2024-09-19 11:30:55
343,Misha Sibal,riaanchanda@hotmail.com,password123,"H.No. 88, Ramachandran, Bhilwara 260404",+918058818522,2024-05-12 06:03:57
344,Nirvaan Savant,charelakshi@deo.net,password123,"77, Shenoy Path, Barasat-087807",03671581460,2024-11-20 07:29:07
345,Tejas Brar,johalhansh@gmail.com,password123,"H.No. 31, Soni Nagar, Jehanabad 408132",+912665178860,2024-05-22 18:44:47
346,Zain Varughese,bhaktasaira@koshy-kata.org,password123,"H.No. 33, Sharaf Street, Jamalpur 716239",3090118843,2025-01-24 18:28:51
347,Ishita Mand,sbera@gmail.com,password123,"01/75, Dey Path, Cuttack 748346",7113571798,2024-09-15 08:14:04
348,Sahil Shenoy,sonirasha@kibe-lad.org,password123,"36/266, Chandran Nagar, Tumkur-336408",+912706630606,2024-07-26 16:28:19
349,Alia Andra,dinyuvraj@ghose.com,password123,"265, Dhar Ganj, Thane 947236",06613873107,2024-09-06 16:26:38
350,Lakshay Bhardwaj,ivanadeol@hotmail.com,password123,"93/92, Devan Chowk, Loni-528460",08626150322,2024-11-09 17:21:56
351,Neysa Arora,gchaudhari@yahoo.com,password123,"134, Kohli Nagar, Motihari 384356",1369276309,2025-01-16 14:24:51
352,Aradhya Shankar,hridaan85@hotmail.com,password123,"H.No. 38, Lalla Road, Pudukkottai-478756",7576740877,2025-03-03 09:13:38
353,Mahika Jha,odhillon@gmail.com,password123,"76/502, Deo Ganj, Mirzapur 592564",+916145934304,2025-01-27 18:57:57
354,Kashvi Bhasin,xdoshi@gmail.com,password123,"93/45, Vig Marg, Khandwa-676556",03293436561,2025-02-06 17:02:40
355,Hiran Dara,charvi90@hegde.com,password123,"H.No. 50, Kulkarni Street, North Dumdum 532705",+919848473897,2024-05-02 17:06:44
356,Damini Ram,drishya76@sarna.info,password123,"07/54, Comar Path, Malda-447107",09126680981,2024-04-18 09:56:40
357,Prisha Buch,vaibhav44@cheema-brar.com,password123,"24/95, Gandhi Ganj, Karimnagar 270254",01388185472,2024-07-17 14:02:58
358,Anahita Chandra,basusuhana@khanna.com,password123,"H.No. 80, Raman Zila, Mysore-620750",07400651974,2025-02-13 16:09:17
359,Taran Chowdhury,wzachariah@hotmail.com,password123,"43, Bhardwaj Zila, Phagwara-834967",+914461293567,2025-04-15 10:17:58
360,Amira Rattan,uthkarshdhawan@gmail.com,password123,"H.No. 137, Bajwa Zila, Shimoga 826140",+916010002618,2025-03-02 14:35:50
361,Vardaniya Bajaj,dgrewal@gmail.com,password123,"H.No. 579, Bath Nagar, Gangtok-849032",9233636027,2025-03-13 15:51:23
362,Anika Vasa,godadarshit@hotmail.com,password123,"H.No. 56, Chaudhary Street, Serampore-485145",03807333814,2024-05-26 22:11:57
363,Tarini Venkatesh,birpurab@bahl-dar.info,password123,"99/360, Buch Road, Madhyamgram 712393",04435001912,2024-11-23 11:29:59
364,Tarini Singh,ksachdeva@ram.biz,password123,"392, Chadha, Vijayanagaram 017485",08050286360,2025-01-12 19:46:17
365,Umang Rege,krish00@doshi.com,password123,"89/52, Khurana Ganj, Kulti-260550",0573011794,2025-01-03 05:22:25
366,Mannat Saxena,eva64@gmail.com,password123,"H.No. 580, Suri Ganj, Mahbubnagar 201118",05640586122,2024-10-03 07:24:24
367,Ishaan Divan,rati54@gmail.com,password123,"210, Bhasin Zila, Solapur 535601",+911722311934,2024-07-03 04:33:23
368,Elakshi Ratti,aayush83@yahoo.com,password123,"H.No. 11, Sarma Circle, Kakinada-954139",+918852751281,2024-11-13 23:33:43
369,Shaan Manda,qchacko@vohra-bhasin.com,password123,"06/33, Sarna Ganj, Moradabad 889125",+915559206367,2025-02-03 23:21:58
370,Reyansh Bedi,anvibhandari@kaur.com,password123,"93, Batta Circle, Jehanabad 656777",5711089540,2024-05-28 12:31:46
371,Shray Buch,nayantara22@bava-chand.com,password123,"70/842, Anne Street, Allahabad 662403",9769752446,2024-09-07 13:24:22
372,Yuvaan Seth,jayesh80@gmail.com,password123,"98/74, Rau Road, Howrah 297742",04175177180,2024-08-31 04:12:46
373,Shray Kumer,ivana98@chander.biz,password123,"86, Shetty Chowk, Aurangabad 438717",+912683175936,2024-11-12 15:12:37
374,Sahil Devi,stuvan55@shah-raj.biz,password123,"51/627, Sawhney Nagar, Aligarh 789414",3619456501,2024-09-14 07:19:15
375,Miraya Agate,farhan31@bedi.info,password123,"044, Agrawal Road, Tumkur-521282",08159802414,2024-12-20 12:53:45
376,Rania Dewan,reddyyasmin@gmail.com,password123,"81/596, Bala Chowk, Rampur 414314",04443392768,2025-03-30 11:18:22
377,Indrajit Sha,yseshadri@bhatt.com,password123,"H.No. 305, Dash Street, Sangli-Miraj & Kupwad-413977",00726239511,2025-01-06 10:53:32
378,Jhanvi Agate,hbal@yahoo.com,password123,"H.No. 300, Som Zila, South Dumdum 743223",08239683061,2025-04-04 10:32:14
379,Nehmat Banerjee,atella@yahoo.com,password123,"10/81, Sami Nagar, Nagpur-056514",06034036334,2025-02-10 14:53:23
380,Veer Krishna,agera@bawa.com,password123,"11/36, Johal Circle, Panihati 823917",+914136531084,2024-08-14 04:46:24
381,Tanya Grewal,samar03@mander-khosla.com,password123,"87/241, Sami Road, Shimoga 012118",+915410503485,2024-04-17 18:14:13
382,Anika Wali,tellalagan@viswanathan.com,password123,"71/157, Chadha Marg, Mehsana-276979",2054070371,2024-05-24 07:12:08
383,Mahika Mander,ndhillon@hotmail.com,password123,"350, Bora Ganj, Sri Ganganagar-384154",+919493330302,2025-03-11 11:03:02
384,Saanvi Raval,rati41@yahoo.com,password123,"61/38, Saha Marg, Hubli–Dharwad-436188",00747149329,2024-06-03 02:04:20
385,Kabir Devi,shayakdate@contractor.com,password123,"26/39, Reddy, Thiruvananthapuram 028018",02362865898,2024-07-12 20:25:27
386,Parinaaz Boase,khalsapurab@saini-chandra.com,password123,"057, Kalla Chowk, Sasaram-244499",1655878356,2024-04-02 15:27:53
387,Jiya Rama,mishasrinivasan@yahoo.com,password123,"393, Khanna Path, Aurangabad-867509",07026787656,2024-12-13 21:28:39
388,Dhanuk Devi,gillcharvi@hotmail.com,password123,"H.No. 905, Dutta Street, Buxar-881685",2549907064,2025-01-10 02:35:51
389,Mishti Bora,wcontractor@yahoo.com,password123,"469, Bail Chowk, Ahmedabad 078757",0594908033,2024-04-12 00:41:38
390,Anahi Deep,fkorpal@kumer.org,password123,"H.No. 578, Mallick Ganj, Machilipatnam-311684",+912884374528,2024-08-21 07:39:07
391,Armaan Bhargava,rkarnik@hegde.com,password123,"87, Manda Street, Varanasi-398350",+911540817333,2024-04-05 11:21:47
392,Riya Kohli,navya53@basak.com,password123,"167, Gokhale Circle, Rajpur Sonarpur 056408",+910947318126,2024-08-07 01:11:27
393,Madhup Dhingra,pihu94@kibe-chauhan.info,password123,"87, Seth Circle, Saharanpur-854601",+916286721082,2024-04-12 00:40:28
394,Dhanush Zacharia,yuvaandeol@hotmail.com,password123,"H.No. 749, Chada Marg, Bettiah-077066",9320070839,2025-04-04 06:44:46
395,Mamooty Gill,gratta@ranganathan-sabharwal.com,password123,"998, Ghose Nagar, Khandwa 789095",09047425924,2025-03-24 17:52:50
396,Khushi Majumdar,azad25@gandhi.com,password123,"72/632, Toor Road, Vijayanagaram 481107",05840802751,2024-07-22 05:01:29
397,Saanvi Kala,kanavissac@ray-salvi.com,password123,"H.No. 61, Comar, Secunderabad 846289",+912488136476,2024-10-01 06:19:40
398,Taran Sengupta,reneewable@tella.com,password123,"79/244, Gill, Madanapalle 966210",4717059045,2024-06-28 01:26:22
399,Taran Dara,kamdartushar@gmail.com,password123,"H.No. 147, Doshi Road, Danapur-328179",5246925730,2024-11-24 00:39:16
400,Ojas Behl,ikota@reddy-dalal.org,password123,"51/40, Chopra Marg, Jehanabad-031252",01828084203,2024-04-24 20:33:05
401,Hazel Bava,jayantkalita@hotmail.com,password123,"66, Hayer Chowk, Srikakulam-221187",+918920493354,2024-09-15 07:07:44
402,Abram Bakshi,navyabhasin@hotmail.com,password123,"H.No. 250, Kakar Road, Narasaraopet-851813",8540737674,2025-04-24 06:26:30
403,Tara Cherian,igupta@chauhan.info,password123,"30, Karan Street, Noida-352790",01204350740,2024-06-27 15:15:47
404,Samiha Bhattacharyya,sumer81@saini-trivedi.com,password123,"H.No. 37, Hari Circle, Baranagar-417182",02170532172,2024-12-19 03:40:21
405,Sara Goda,ebajwa@hotmail.com,password123,"H.No. 86, Atwal Circle, Siliguri 057615",6163724440,2025-04-08 11:26:46
406,Taran Arya,zeeshan70@gmail.com,password123,"54/52, Anand Path, Etawah 516254",1587673990,2024-06-23 21:26:07
407,Tiya Batra,wadhwaishaan@gmail.com,password123,"09/045, Bose, Satara 215603",+914536251712,2024-07-15 19:13:25
408,Samar Deo,oorjaramakrishnan@anne.com,password123,"53, Sathe Path, Solapur 024275",01795809141,2024-08-13 06:22:55
409,Diya Sundaram,pbatra@hotmail.com,password123,"251, Dewan Nagar, Hubli–Dharwad 938141",00635381162,2025-02-09 04:56:25
410,Ishaan Shroff,ela62@yahoo.com,password123,"H.No. 70, Dora Nagar, Hosur 956023",09820127818,2024-10-26 02:24:18
411,Pari Dhar,urastogi@gmail.com,password123,"47/478, Varkey, Belgaum 073434",8287150733,2025-02-03 09:51:19
412,Zaina Hari,divij50@sharma-varughese.com,password123,"H.No. 53, Sura, Pune-514141",4823019870,2024-08-04 03:43:37
413,Kabir Yogi,ukumer@gmail.com,password123,"H.No. 95, Sharaf Chowk, Purnia-498556",+914742977376,2025-02-10 19:13:58
414,Vedika Srinivasan,eaggarwal@yahoo.com,password123,"H.No. 238, Saran, Vasai-Virar 924202",+916421055669,2024-11-24 02:45:31
415,Advik Cheema,yakshit10@shanker-dyal.biz,password123,"H.No. 875, Thakkar Zila, Ichalkaranji 689171",06600809279,2025-03-21 10:39:51
416,Sahil Brahmbhatt,sratti@hotmail.com,password123,"520, Kar Road, Imphal 380171",+915634636978,2025-02-01 01:59:06
417,Anay Verma,sahil47@borde.com,password123,"32, Raja Chowk, Hyderabad 945109",+910647788324,2024-04-22 12:53:57
418,Ritvik Bir,cdeep@tandon.com,password123,"942, Gour Circle, Ichalkaranji 911601",06952306990,2025-04-05 02:39:05
419,Madhup Bir,indransdesai@gmail.com,password123,"07, Handa Nagar, Bhavnagar-044140",2724674211,2025-01-04 02:54:18
420,Kimaya Kala,chaudharyhunar@seshadri-aurora.net,password123,"29/477, Wagle Path, Berhampur 226010",+919153017211,2025-02-28 22:55:04
421,Rhea Kapur,tarafateh@dugar-dubey.com,password123,"59, Srinivasan Path, Jhansi 716090",7896461232,2024-07-08 22:40:41
422,Aarush Uppal,inaaya-lal@ravi.com,password123,"33, Dugal Road, Sasaram 051832",06793112328,2025-01-25 18:50:18
423,Kimaya Raja,lwalia@gmail.com,password123,"H.No. 66, Kumar Zila, Rewa 379901",0979884142,2024-05-27 08:40:29
424,Madhav Bahl,guptasara@bal.com,password123,"H.No. 479, Gill, Bareilly-166165",+916642897756,2025-02-17 03:58:29
425,Mahika Bora,sinhavaibhav@viswanathan.org,password123,"219, Ahuja, Bardhaman-176395",+916195815831,2024-07-24 02:36:20
426,Shlok Jain,pihu65@bal.com,password123,"207, Savant Nagar, Narasaraopet 050611",5192272821,2024-04-23 00:54:49
427,Bhavin Bhalla,rameshjivika@hotmail.com,password123,"H.No. 38, Sen Road, Kharagpur-225775",3388674719,2025-04-01 18:19:28
428,Lagan Chokshi,chirag45@dayal.biz,password123,"80/14, Apte Zila, Dindigul-347380",09217995359,2024-05-05 19:16:35
429,Madhup Arya,anandkartik@gmail.com,password123,"H.No. 46, Kapoor Nagar, Bhagalpur-422204",2131479603,2024-06-10 08:01:50
430,Arnav Ray,mohanlalkrishnamurthy@gmail.com,password123,"03/794, Reddy Circle, Jalna-562911",7073328076,2024-12-27 09:18:22
431,Veer Hayer,shamikmand@gole-aurora.net,password123,"30/218, Shah, Tadipatri 141360",02654854774,2024-07-30 05:14:33
432,Anay Goswami,mammendrishya@bhandari.com,password123,"58/201, Lalla Street, Ambarnath-343359",06821956563,2025-01-26 18:35:09
433,Lavanya Saini,myohannan@ramachandran.com,password123,"53, Bobal Chowk, Ramagundam-995596",1043200843,2024-11-06 17:52:43
434,Mehul Raj,lagandora@badami-talwar.com,password123,"82, Iyengar Road, Nagaon 375639",06131529359,2024-09-04 14:30:17
435,Samarth Kaul,sahil90@yahoo.com,password123,"H.No. 737, Bali Marg, Chittoor 215943",3923110317,2024-06-07 11:09:39
436,Ahana  Deo,manjarikakar@hora.com,password123,"H.No. 215, Mall Ganj, Bellary-145133",2658479186,2024-04-23 04:03:12
437,Vritika Borra,lakshit48@yahoo.com,password123,"250, Vohra Road, Bardhaman-634477",+915312309201,2024-05-18 03:39:20
438,Adira Raval,dishani80@hotmail.com,password123,"23, Zacharia Marg, Raipur-239243",03106747132,2024-12-13 17:35:03
439,Anaya Krishnamurthy,voradishani@khanna.com,password123,"51/461, Chowdhury, Eluru 578087",2568179123,2025-04-19 00:05:54
440,Indrans Dewan,sbhardwaj@hotmail.com,password123,"02/948, Chakraborty Circle, Noida 007392",2070155187,2024-12-26 23:20:00
441,Samiha Malhotra,iandra@aggarwal-deo.com,password123,"261, Varty Road, Miryalaguda 441934",+914379040423,2024-07-25 12:04:05
442,Rati Thaman,kismat06@krishnan.info,password123,"H.No. 88, Bhargava Road, Mumbai 212686",0631006772,2024-04-15 09:38:38
443,Jivika Bhagat,farhanswaminathan@hotmail.com,password123,"872, Wali Path, Navi Mumbai 656086",7036483779,2025-02-12 18:06:23
444,Ivan Mane,rbedi@dara.com,password123,"73/02, Venkatesh Chowk, Gudivada 705015",5864024935,2025-01-11 02:54:35
445,Jayant Lad,qzachariah@lad.com,password123,"H.No. 017, Chadha Road, Vijayawada 150955",4452933760,2024-10-31 21:52:54
446,Farhan Saraf,onkar24@gmail.com,password123,"28, Agrawal Zila, Shimla-248082",4749660069,2024-11-23 22:13:24
447,Arhaan Mani,nitya56@varughese.net,password123,"H.No. 21, Sehgal Road, Darbhanga-882106",08219456610,2025-04-05 19:52:53
448,Neysa Baral,vritikakhosla@yahoo.com,password123,"H.No. 729, Kohli Marg, Sambalpur 966574",6316911048,2024-04-03 02:57:44
449,Rania Sehgal,gbal@hotmail.com,password123,"H.No. 616, Shenoy, Imphal 570875",02695166941,2024-10-15 15:27:42
450,Vedika Sethi,elakadakia@hotmail.com,password123,"94/87, Majumdar Street, Karaikudi 624045",+919117422859,2024-08-30 01:28:47
451,Bhavin Bahri,chadaalisha@gmail.com,password123,"64/998, Lanka Circle, Mirzapur-171873",+914523033483,2025-01-23 04:51:10
452,Krish Hans,urajan@hotmail.com,password123,"933, Badal Circle, Akola-334263",5155136141,2024-05-03 21:45:50
453,Gatik Sengupta,shettyzara@sehgal.com,password123,"46/719, Talwar Ganj, Khandwa-425565",03124251471,2024-09-14 13:00:37
454,Aniruddh Kari,chirag70@hotmail.com,password123,"H.No. 46, Saran Chowk, Satara-994299",+915244663896,2024-12-15 17:14:17
455,Badal Bala,farhan67@hotmail.com,password123,"13, Kunda Street, Bhalswa Jahangir Pur-716559",+916141791153,2024-11-03 04:52:43
456,Kavya Bhakta,saanvi45@jhaveri.info,password123,"H.No. 81, Khatri Zila, Cuttack-833801",7175623891,2025-01-31 07:53:58
457,Hansh Bali,khatrijayant@gmail.com,password123,"032, Thaker, Noida-317577",+914650424276,2024-05-20 13:50:40
458,Misha Kohli,jhanvi51@rau.com,password123,"H.No. 160, Vig, Dindigul-492174",06740493899,2024-11-30 18:06:42
459,Zara Grover,wallaojas@sheth-bajwa.com,password123,"54/71, Kunda Circle, Dehri-572535",00184391410,2024-04-23 17:09:30
460,Anya Mammen,hazellata@gmail.com,password123,"H.No. 241, Tella Zila, Panvel 064280",07505732558,2025-04-17 19:09:43
461,Badal Dugar,bseth@dey.com,password123,"007, Chaudhari Path, Bhiwandi-852871",0603916211,2024-11-06 23:49:31
462,Saksham Sur,kantdarshit@tella-borah.com,password123,"64/708, Kumar Path, Madanapalle-102808",04644187712,2024-06-17 22:23:34
463,Rania Kalla,edin@kala.com,password123,"H.No. 885, Doshi Marg, Kavali 896485",09011805945,2025-01-26 02:37:19
464,Umang Swamy,indrajitdoctor@yahoo.com,password123,"H.No. 099, Bava Ganj, Bellary-299346",4870811577,2025-02-17 13:53:09
465,Raunak Brar,lavanyasunder@kale.info,password123,"90, Deshmukh Ganj, Kolhapur 248330",9451665761,2024-08-12 17:45:46
466,Ehsaan Rajan,amanidar@hotmail.com,password123,"H.No. 081, Rattan Chowk, Bhusawal-316934",09135292521,2025-02-12 05:14:40
467,Kiara Borde,lsule@gmail.com,password123,"48/61, Contractor Nagar, Satara-682260",9957732780,2024-11-13 21:28:36
468,Heer Barad,advikbadal@gmail.com,password123,"30/11, Date Road, Thrissur 112178",7285686246,2024-11-03 05:31:54
469,Vritika Kala,dhanuk07@gmail.com,password123,"H.No. 134, Saxena Ganj, Ratlam 656726",+914940913649,2024-04-05 03:00:37
470,Farhan Seshadri,nehmat55@yahoo.com,password123,"54/39, Srinivasan Street, Dhule-725611",+912299597456,2024-05-10 16:18:17
471,Ela Krish,mthakur@varty-bhalla.com,password123,"H.No. 28, Master Circle, Solapur 904852",07241878305,2025-01-08 14:43:24
472,Akarsh Edwin,dhanukkuruvilla@yahoo.com,password123,"85, Ray Street, Sri Ganganagar 051862",07298724371,2025-02-15 04:55:33
473,Vritika Jaggi,urvivasa@badal.com,password123,"H.No. 80, Chanda Road, Mathura-224362",06824471774,2024-10-05 21:34:11
474,Darshit Yadav,priyansh45@tara-ganguly.com,password123,"09, Chaudhry Zila, Silchar 271142",09100740371,2024-05-14 05:38:02
475,Anya Verma,elabala@hotmail.com,password123,"62, Arora Ganj, Thoothukudi-092380",+918539167074,2024-06-25 12:04:48
476,Arnav Krishna,gopalemir@randhawa-srinivasan.com,password123,"81, Bassi Ganj, Purnia-330214",07376823053,2025-04-04 20:33:57
477,Vanya Dugar,nirvaansandal@dalia.com,password123,"56, Ravel Street, Medininagar-041882",+910875687912,2025-04-07 13:32:37
478,Anaya Kohli,battaamani@gmail.com,password123,"87/364, Raju Street, Shimla-636588",+910704060163,2024-06-18 21:55:22
479,Amani Sachdeva,samairarattan@gokhale.org,password123,"H.No. 684, Wason Chowk, Kumbakonam-362408",7401272178,2024-04-28 23:46:09
480,Damini Grover,ayesha87@yahoo.com,password123,"51, Kaul Nagar, Morena 176661",3066908915,2024-05-21 19:46:00
481,Aradhya Sani,doshichirag@kapadia.com,password123,"52/94, Varughese Path, Jabalpur 677166",01978074306,2024-09-08 23:25:23
482,Ahana  Wadhwa,vamble@chanda-sachdev.com,password123,"24/010, Khosla, Baranagar 978683",04653849859,2024-11-22 16:18:45
483,Jivika Chander,yashviratti@hotmail.com,password123,"602, Aggarwal Circle, Bhubaneswar 852452",3887055971,2024-10-29 06:21:13
484,Pari Ramanathan,gchand@sharma-devi.biz,password123,"19/00, Sachar Zila, Phusro 814152",6738793650,2025-04-23 22:07:44
485,Mohanlal Dugar,chaudrysumer@gmail.com,password123,"H.No. 45, Iyengar Marg, Erode-442172",6898287339,2024-10-12 14:16:14
486,Khushi Grover,kapadiaabram@gopal.info,password123,"H.No. 86, Ahluwalia Road, Nagaon-080592",+912339490106,2024-05-12 21:59:33
487,Nishith Dixit,amanikapoor@hotmail.com,password123,"42/294, Grover Road, Gandhinagar-108790",+919963147292,2025-01-10 21:09:00
488,Shlok Agate,shlok24@hotmail.com,password123,"02/56, Chander Chowk, Muzaffarpur 856182",04024934216,2024-05-18 14:10:12
489,Gatik Sachar,zeeshangala@hotmail.com,password123,"34/130, Chada Chowk, Khora -175608",9916511093,2025-03-26 14:57:32
490,Jivin Samra,taran49@venkatesh-saini.com,password123,"H.No. 806, Sinha Marg, Bhind-400518",+910119457632,2024-08-05 20:37:12
491,Divit Manda,jayesh06@gmail.com,password123,"H.No. 19, Dutta Marg, Barasat 657423",+912499894372,2025-03-17 22:07:09
492,Jayan Bahl,laganchandra@hotmail.com,password123,"356, Swaminathan Zila, Chittoor 332589",5638906388,2025-03-10 10:45:12
493,Kartik Malhotra,adah74@gmail.com,password123,"80, Sandhu Path, Chandigarh-520602",8792787515,2024-05-29 02:20:00
494,Saira Bahri,mandalsaksham@gmail.com,password123,"H.No. 42, Singhal Zila, Sasaram-485319",+913292164286,2025-03-30 00:15:16
495,Lavanya Bahl,ladrohan@taneja.com,password123,"74, Thaker Road, Surendranagar Dudhrej-667420",+911743872143,2025-04-13 23:38:15
496,Amira Gade,buchsiya@wason.com,password123,"H.No. 83, Grewal Circle, Raiganj 290050",+912607721939,2024-07-21 15:40:27
497,Prerak Mand,aryaarhaan@chad.info,password123,"693, Rama Nagar, Bellary-929904",6207864737,2025-03-18 18:21:02
498,Neysa Bobal,tiya99@jha-khatri.info,password123,"H.No. 27, Saha Path, Panihati 975730",+916942122037,2025-03-27 03:11:45
499,Anika Bora,charvigandhi@ratti.com,password123,"43, Bedi Path, Tezpur-193077",03493685758,2024-04-18 20:06:25
500,Nitara Wadhwa,navyadugar@majumdar.org,password123,"H.No. 62, Saran, Malegaon 454384",3997863429,2025-02-03 06:44:33
